This is XeTeX, Version 3.141592653-2.6-0.999995 (TeX Live 2023/Debian) (preloaded format=xelatex 2026.6.25)  21 AUG 2026 21:09
entering extended mode
 restricted \write18 enabled.
 %&-line parsing enabled.
**hengda_full_report.tex
(./hengda_full_report.tex
LaTeX2e <2023-11-01> patch level 1
L3 programming layer <2024-01-22>
(/usr/share/texlive/texmf-dist/tex/latex/base/article.cls
Document Class: article 2023/05/17 v1.4n Standard LaTeX document class
(/usr/share/texlive/texmf-dist/tex/latex/base/size11.clo
File: size11.clo 2023/05/17 v1.4n Standard LaTeX file (size option)
)
\c@part=\count183
\c@section=\count184
\c@subsection=\count185
\c@subsubsection=\count186
\c@paragraph=\count187
\c@subparagraph=\count188
\c@figure=\count189
\c@table=\count190
\abovecaptionskip=\skip48
\belowcaptionskip=\skip49
\bibindent=\dimen140
)
(/usr/share/texlive/texmf-dist/tex/latex/geometry/geometry.sty
Package: geometry 2020/01/02 v5.9 Page Geometry

(/usr/share/texlive/texmf-dist/tex/latex/graphics/keyval.sty
Package: keyval 2022/05/29 v1.15 key=value parser (DPC)
\KV@toks@=\toks17
)
(/usr/share/texlive/texmf-dist/tex/generic/iftex/ifvtex.sty
Package: ifvtex 2019/10/25 v1.7 ifvtex legacy package. Use iftex instead.

(/usr/share/texlive/texmf-dist/tex/generic/iftex/iftex.sty
Package: iftex 2022/02/03 v1.0f TeX engine tests
))
\Gm@cnth=\count191
\Gm@cntv=\count192
\c@Gm@tempcnt=\count193
\Gm@bindingoffset=\dimen141
\Gm@wd@mp=\dimen142
\Gm@odd@mp=\dimen143
\Gm@even@mp=\dimen144
\Gm@layoutwidth=\dimen145
\Gm@layoutheight=\dimen146
\Gm@layouthoffset=\dimen147
\Gm@layoutvoffset=\dimen148
\Gm@dimlist=\toks18
)
(/usr/share/texlive/texmf-dist/tex/latex/fontspec/fontspec.sty
(/usr/share/texlive/texmf-dist/tex/latex/l3packages/xparse/xparse.sty
(/usr/share/texlive/texmf-dist/tex/latex/l3kernel/expl3.sty
Package: expl3 2024-01-22 L3 programming layer (loader) 

(/usr/share/texlive/texmf-dist/tex/latex/l3backend/l3backend-xetex.def
File: l3backend-xetex.def 2024-01-04 L3 backend support: XeTeX
\g__graphics_track_int=\count194
\l__pdf_internal_box=\box51
\g__pdf_backend_object_int=\count195
\g__pdf_backend_annotation_int=\count196
\g__pdf_backend_link_int=\count197
))
Package: xparse 2023-10-10 L3 Experimental document command parser
)
Package: fontspec 2022/01/15 v2.8a Font selection for XeLaTeX and LuaLaTeX

(/usr/share/texlive/texmf-dist/tex/latex/fontspec/fontspec-xetex.sty
Package: fontspec-xetex 2022/01/15 v2.8a Font selection for XeLaTeX and LuaLaTe
X
\l__fontspec_script_int=\count198
\l__fontspec_language_int=\count199
\l__fontspec_strnum_int=\count266
\l__fontspec_tmp_int=\count267
\l__fontspec_tmpa_int=\count268
\l__fontspec_tmpb_int=\count269
\l__fontspec_tmpc_int=\count270
\l__fontspec_em_int=\count271
\l__fontspec_emdef_int=\count272
\l__fontspec_strong_int=\count273
\l__fontspec_strongdef_int=\count274
\l__fontspec_tmpa_dim=\dimen149
\l__fontspec_tmpb_dim=\dimen150
\l__fontspec_tmpc_dim=\dimen151

(/usr/share/texlive/texmf-dist/tex/latex/base/fontenc.sty
Package: fontenc 2021/04/29 v2.0v Standard LaTeX package
)
(/usr/share/texlive/texmf-dist/tex/latex/fontspec/fontspec.cfg)))
(/usr/share/texlive/texmf-dist/tex/xelatex/xecjk/xeCJK.sty
Package: xeCJK 2022/08/05 v3.9.1 Typesetting CJK scripts with XeLaTeX

(/usr/share/texlive/texmf-dist/tex/latex/ctex/ctexhook.sty
Package: ctexhook 2022/07/14 v2.5.10 Document and package hooks (CTEX)
)
(/usr/share/texlive/texmf-dist/tex/latex/l3packages/xtemplate/xtemplate.sty
Package: xtemplate 2023-10-10 L3 Experimental prototype document functions
\l__xtemplate_tmp_dim=\dimen152
\l__xtemplate_tmp_int=\count275
\l__xtemplate_tmp_muskip=\muskip16
\l__xtemplate_tmp_skip=\skip50
)
\l__xeCJK_tmp_int=\count276
\l__xeCJK_tmp_box=\box52
\l__xeCJK_tmp_dim=\dimen153
\l__xeCJK_tmp_skip=\skip51
\g__xeCJK_space_factor_int=\count277
\l__xeCJK_begin_int=\count278
\l__xeCJK_end_int=\count279
\c__xeCJK_CJK_class_int=\XeTeXcharclass1
\c__xeCJK_FullLeft_class_int=\XeTeXcharclass2
\c__xeCJK_FullRight_class_int=\XeTeXcharclass3
\c__xeCJK_HalfLeft_class_int=\XeTeXcharclass4
\c__xeCJK_HalfRight_class_int=\XeTeXcharclass5
\c__xeCJK_NormalSpace_class_int=\XeTeXcharclass6
\c__xeCJK_CM_class_int=\XeTeXcharclass7
\c__xeCJK_HangulJamo_class_int=\XeTeXcharclass8
\l__xeCJK_last_skip=\skip52
\c__xeCJK_none_node=\count280
\g__xeCJK_node_int=\count281
\c__xeCJK_CJK_node_dim=\dimen154
\c__xeCJK_CJK-space_node_dim=\dimen155
\c__xeCJK_default_node_dim=\dimen156
\c__xeCJK_CJK-widow_node_dim=\dimen157
\c__xeCJK_normalspace_node_dim=\dimen158
\c__xeCJK_default-space_node_skip=\skip53
\l__xeCJK_ccglue_skip=\skip54
\l__xeCJK_ecglue_skip=\skip55
\l__xeCJK_punct_kern_skip=\skip56
\l__xeCJK_indent_box=\box53
\l__xeCJK_last_penalty_int=\count282
\l__xeCJK_last_bound_dim=\dimen159
\l__xeCJK_last_kern_dim=\dimen160
\l__xeCJK_widow_penalty_int=\count283

Package xtemplate Info: Declaring object type 'xeCJK/punctuation' taking 0
(xtemplate)             argument(s) on line 2396.

\l__xeCJK_fixed_punct_width_dim=\dimen161
\l__xeCJK_mixed_punct_width_dim=\dimen162
\l__xeCJK_middle_punct_width_dim=\dimen163
\l__xeCJK_fixed_margin_width_dim=\dimen164
\l__xeCJK_mixed_margin_width_dim=\dimen165
\l__xeCJK_middle_margin_width_dim=\dimen166
\l__xeCJK_bound_punct_width_dim=\dimen167
\l__xeCJK_bound_margin_width_dim=\dimen168
\l__xeCJK_margin_minimum_dim=\dimen169
\l__xeCJK_kerning_total_width_dim=\dimen170
\l__xeCJK_same_align_margin_dim=\dimen171
\l__xeCJK_different_align_margin_dim=\dimen172
\l__xeCJK_kerning_margin_width_dim=\dimen173
\l__xeCJK_kerning_margin_minimum_dim=\dimen174
\l__xeCJK_bound_dim=\dimen175
\l__xeCJK_reverse_bound_dim=\dimen176
\l__xeCJK_margin_dim=\dimen177
\l__xeCJK_minimum_bound_dim=\dimen178
\l__xeCJK_kerning_margin_dim=\dimen179
\g__xeCJK_family_int=\count284
\l__xeCJK_fam_int=\count285
\g__xeCJK_fam_allocation_int=\count286
\l__xeCJK_verb_case_int=\count287
\l__xeCJK_verb_exspace_skip=\skip57

(/usr/share/texlive/texmf-dist/tex/xelatex/xecjk/xeCJK.cfg
File: xeCJK.cfg 2022/08/05 v3.9.1 Configuration file for xeCJK package
))
(/usr/share/texlive/texmf-dist/tex/latex/amsmath/amsmath.sty
Package: amsmath 2023/05/13 v2.17o AMS math features
\@mathmargin=\skip58

For additional information on amsmath, use the `?' option.
(/usr/share/texlive/texmf-dist/tex/latex/amsmath/amstext.sty
Package: amstext 2021/08/26 v2.01 AMS text

(/usr/share/texlive/texmf-dist/tex/latex/amsmath/amsgen.sty
File: amsgen.sty 1999/11/30 v2.0 generic functions
\@emptytoks=\toks19
\ex@=\dimen180
))
(/usr/share/texlive/texmf-dist/tex/latex/amsmath/amsbsy.sty
Package: amsbsy 1999/11/29 v1.2d Bold Symbols
\pmbraise@=\dimen181
)
(/usr/share/texlive/texmf-dist/tex/latex/amsmath/amsopn.sty
Package: amsopn 2022/04/08 v2.04 operator names
)
\inf@bad=\count288
LaTeX Info: Redefining \frac on input line 234.
\uproot@=\count289
\leftroot@=\count290
LaTeX Info: Redefining \overline on input line 399.
LaTeX Info: Redefining \colon on input line 410.
\classnum@=\count291
\DOTSCASE@=\count292
LaTeX Info: Redefining \ldots on input line 496.
LaTeX Info: Redefining \dots on input line 499.
LaTeX Info: Redefining \cdots on input line 620.
\Mathstrutbox@=\box54
\strutbox@=\box55
LaTeX Info: Redefining \big on input line 722.
LaTeX Info: Redefining \Big on input line 723.
LaTeX Info: Redefining \bigg on input line 724.
LaTeX Info: Redefining \Bigg on input line 725.
\big@size=\dimen182
LaTeX Font Info:    Redeclaring font encoding OML on input line 743.
LaTeX Font Info:    Redeclaring font encoding OMS on input line 744.
\macc@depth=\count293
LaTeX Info: Redefining \bmod on input line 905.
LaTeX Info: Redefining \pmod on input line 910.
LaTeX Info: Redefining \smash on input line 940.
LaTeX Info: Redefining \relbar on input line 970.
LaTeX Info: Redefining \Relbar on input line 971.
\c@MaxMatrixCols=\count294
\dotsspace@=\muskip17
\c@parentequation=\count295
\dspbrk@lvl=\count296
\tag@help=\toks20
\row@=\count297
\column@=\count298
\maxfields@=\count299
\andhelp@=\toks21
\eqnshift@=\dimen183
\alignsep@=\dimen184
\tagshift@=\dimen185
\tagwidth@=\dimen186
\totwidth@=\dimen187
\lineht@=\dimen188
\@envbody=\toks22
\multlinegap=\skip59
\multlinetaggap=\skip60
\mathdisplay@stack=\toks23
LaTeX Info: Redefining \[ on input line 2953.
LaTeX Info: Redefining \] on input line 2954.
)
(/usr/share/texlive/texmf-dist/tex/latex/amsfonts/amssymb.sty
Package: amssymb 2013/01/14 v3.01 AMS font symbols

(/usr/share/texlive/texmf-dist/tex/latex/amsfonts/amsfonts.sty
Package: amsfonts 2013/01/14 v3.01 Basic AMSFonts support
\symAMSa=\mathgroup4
\symAMSb=\mathgroup5
LaTeX Font Info:    Redeclaring math symbol \hbar on input line 98.
LaTeX Font Info:    Overwriting math alphabet `\mathfrak' in version `bold'
(Font)                  U/euf/m/n --> U/euf/b/n on input line 106.
))
(/usr/share/texlive/texmf-dist/tex/latex/booktabs/booktabs.sty
Package: booktabs 2020/01/12 v1.61803398 Publication quality tables
\heavyrulewidth=\dimen189
\lightrulewidth=\dimen190
\cmidrulewidth=\dimen191
\belowrulesep=\dimen192
\belowbottomsep=\dimen193
\aboverulesep=\dimen194
\abovetopsep=\dimen195
\cmidrulesep=\dimen196
\cmidrulekern=\dimen197
\defaultaddspace=\dimen198
\@cmidla=\count300
\@cmidlb=\count301
\@aboverulesep=\dimen199
\@belowrulesep=\dimen256
\@thisruleclass=\count302
\@lastruleclass=\count303
\@thisrulewidth=\dimen257
)
(/usr/share/texlive/texmf-dist/tex/latex/tools/longtable.sty
Package: longtable 2023-11-01 v4.19 Multi-page Table package (DPC)
\LTleft=\skip61
\LTright=\skip62
\LTpre=\skip63
\LTpost=\skip64
\LTchunksize=\count304
\LTcapwidth=\dimen258
\LT@head=\box56
\LT@firsthead=\box57
\LT@foot=\box58
\LT@lastfoot=\box59
\LT@gbox=\box60
\LT@cols=\count305
\LT@rows=\count306
\c@LT@tables=\count307
\c@LT@chunks=\count308
\LT@p@ftn=\toks24
)
(/usr/share/texlive/texmf-dist/tex/latex/multirow/multirow.sty
Package: multirow 2021/03/15 v2.8 Span multiple rows of a table
\multirow@colwidth=\skip65
\multirow@cntb=\count309
\multirow@dima=\skip66
\bigstrutjot=\dimen259
)
(/usr/share/texlive/texmf-dist/tex/latex/tools/array.sty
Package: array 2023/10/16 v2.5g Tabular extension package (FMi)
\col@sep=\dimen260
\ar@mcellbox=\box61
\extrarowheight=\dimen261
\NC@list=\toks25
\extratabsurround=\skip67
\backup@length=\skip68
\ar@cellbox=\box62
)
(/usr/share/texlive/texmf-dist/tex/latex/graphics/graphicx.sty
Package: graphicx 2021/09/16 v1.2d Enhanced LaTeX Graphics (DPC,SPQR)

(/usr/share/texlive/texmf-dist/tex/latex/graphics/graphics.sty
Package: graphics 2022/03/10 v1.4e Standard LaTeX Graphics (DPC,SPQR)

(/usr/share/texlive/texmf-dist/tex/latex/graphics/trig.sty
Package: trig 2021/08/11 v1.11 sin cos tan (DPC)
)
(/usr/share/texlive/texmf-dist/tex/latex/graphics-cfg/graphics.cfg
File: graphics.cfg 2016/06/04 v1.11 sample graphics configuration
)
Package graphics Info: Driver file: xetex.def on input line 107.

(/usr/share/texlive/texmf-dist/tex/latex/graphics-def/xetex.def
File: xetex.def 2022/09/22 v5.0n Graphics/color driver for xetex
))
\Gin@req@height=\dimen262
\Gin@req@width=\dimen263
)
(/usr/share/texlive/texmf-dist/tex/latex/float/float.sty
Package: float 2001/11/08 v1.3d Float enhancements (AL)
\c@float@type=\count310
\float@exts=\toks26
\float@box=\box63
\@float@everytoks=\toks27
\@floatcapt=\box64
)
(/usr/share/texlive/texmf-dist/tex/latex/mdwtools/footnote.sty
Package: footnote 1997/01/28 1.13 Save footnotes around boxes
\fn@notes=\box65
\fn@width=\dimen264
)
(/usr/share/texlive/texmf-dist/tex/latex/setspace/setspace.sty
Package: setspace 2022/12/04 v6.7b set line spacing
)
(/usr/share/texlive/texmf-dist/tex/latex/caption/caption.sty
Package: caption 2023/08/05 v3.6o Customizing captions (AR)

(/usr/share/texlive/texmf-dist/tex/latex/caption/caption3.sty
Package: caption3 2023/07/31 v2.4d caption3 kernel (AR)
\caption@tempdima=\dimen265
\captionmargin=\dimen266
\caption@leftmargin=\dimen267
\caption@rightmargin=\dimen268
\caption@width=\dimen269
\caption@indent=\dimen270
\caption@parindent=\dimen271
\caption@hangindent=\dimen272
Package caption Info: Standard document class detected.
)
\c@caption@flags=\count311
\c@continuedfloat=\count312
Package caption Info: float package is loaded.
Package caption Info: longtable package is loaded.

(/usr/share/texlive/texmf-dist/tex/latex/caption/ltcaption.sty
Package: ltcaption 2021/01/08 v1.4c longtable captions (AR)
))
(/usr/share/texlive/texmf-dist/tex/latex/bookmark/bookmark.sty
Package: bookmark 2023-12-10 v1.31 PDF bookmarks (HO)

(/usr/share/texlive/texmf-dist/tex/latex/hyperref/hyperref.sty
Package: hyperref 2024-01-20 v7.01h Hypertext links for LaTeX

(/usr/share/texlive/texmf-dist/tex/latex/kvsetkeys/kvsetkeys.sty
Package: kvsetkeys 2022-10-05 v1.19 Key value parser (HO)
)
(/usr/share/texlive/texmf-dist/tex/generic/kvdefinekeys/kvdefinekeys.sty
Package: kvdefinekeys 2019-12-19 v1.6 Define keys (HO)
)
(/usr/share/texlive/texmf-dist/tex/generic/pdfescape/pdfescape.sty
Package: pdfescape 2019/12/09 v1.15 Implements pdfTeX's escape features (HO)

(/usr/share/texlive/texmf-dist/tex/generic/ltxcmds/ltxcmds.sty
Package: ltxcmds 2023-12-04 v1.26 LaTeX kernel commands for general use (HO)
)
(/usr/share/texlive/texmf-dist/tex/generic/pdftexcmds/pdftexcmds.sty
Package: pdftexcmds 2020-06-27 v0.33 Utility functions of pdfTeX for LuaTeX (HO
)

(/usr/share/texlive/texmf-dist/tex/generic/infwarerr/infwarerr.sty
Package: infwarerr 2019/12/03 v1.5 Providing info/warning/error messages (HO)
)
Package pdftexcmds Info: \pdf@primitive is available.
Package pdftexcmds Info: \pdf@ifprimitive is available.
Package pdftexcmds Info: \pdfdraftmode not found.
))
(/usr/share/texlive/texmf-dist/tex/latex/hycolor/hycolor.sty
Package: hycolor 2020-01-27 v1.10 Color options for hyperref/bookmark (HO)
)
(/usr/share/texlive/texmf-dist/tex/latex/auxhook/auxhook.sty
Package: auxhook 2019-12-17 v1.6 Hooks for auxiliary files (HO)
)
(/usr/share/texlive/texmf-dist/tex/latex/hyperref/nameref.sty
Package: nameref 2023-11-26 v2.56 Cross-referencing by name of section

(/usr/share/texlive/texmf-dist/tex/latex/refcount/refcount.sty
Package: refcount 2019/12/15 v3.6 Data extraction from label references (HO)
)
(/usr/share/texlive/texmf-dist/tex/generic/gettitlestring/gettitlestring.sty
Package: gettitlestring 2019/12/15 v1.6 Cleanup title references (HO)

(/usr/share/texlive/texmf-dist/tex/latex/kvoptions/kvoptions.sty
Package: kvoptions 2022-06-15 v3.15 Key value format for package options (HO)
))
\c@section@level=\count313
)
(/usr/share/texlive/texmf-dist/tex/latex/etoolbox/etoolbox.sty
Package: etoolbox 2020/10/05 v2.5k e-TeX tools for LaTeX (JAW)
\etb@tempcnta=\count314
)
\@linkdim=\dimen273
\Hy@linkcounter=\count315
\Hy@pagecounter=\count316

(/usr/share/texlive/texmf-dist/tex/latex/hyperref/pd1enc.def
File: pd1enc.def 2024-01-20 v7.01h Hyperref: PDFDocEncoding definition (HO)
)
(/usr/share/texlive/texmf-dist/tex/generic/intcalc/intcalc.sty
Package: intcalc 2019/12/15 v1.3 Expandable calculations with integers (HO)
)
\Hy@SavedSpaceFactor=\count317

(/usr/share/texlive/texmf-dist/tex/latex/hyperref/puenc.def
File: puenc.def 2024-01-20 v7.01h Hyperref: PDF Unicode definition (HO)
)
Package hyperref Info: Hyper figures OFF on input line 4179.
Package hyperref Info: Link nesting OFF on input line 4184.
Package hyperref Info: Hyper index ON on input line 4187.
Package hyperref Info: Plain pages OFF on input line 4194.
Package hyperref Info: Backreferencing OFF on input line 4199.
Package hyperref Info: Implicit mode ON; LaTeX internals redefined.
Package hyperref Info: Bookmarks ON on input line 4446.
\c@Hy@tempcnt=\count318

(/usr/share/texlive/texmf-dist/tex/latex/url/url.sty
\Urlmuskip=\muskip18
Package: url 2013/09/16  ver 3.4  Verb mode for urls, etc.
)
LaTeX Info: Redefining \url on input line 4784.
\XeTeXLinkMargin=\dimen274

(/usr/share/texlive/texmf-dist/tex/generic/bitset/bitset.sty
Package: bitset 2019/12/09 v1.3 Handle bit-vector datatype (HO)

(/usr/share/texlive/texmf-dist/tex/generic/bigintcalc/bigintcalc.sty
Package: bigintcalc 2019/12/15 v1.5 Expandable calculations on big integers (HO
)
))
\Fld@menulength=\count319
\Field@Width=\dimen275
\Fld@charsize=\dimen276
Package hyperref Info: Hyper figures OFF on input line 6063.
Package hyperref Info: Link nesting OFF on input line 6068.
Package hyperref Info: Hyper index ON on input line 6071.
Package hyperref Info: backreferencing OFF on input line 6078.
Package hyperref Info: Link coloring OFF on input line 6083.
Package hyperref Info: Link coloring with OCG OFF on input line 6088.
Package hyperref Info: PDF/A mode OFF on input line 6093.

(/usr/share/texlive/texmf-dist/tex/latex/base/atbegshi-ltx.sty
Package: atbegshi-ltx 2021/01/10 v1.0c Emulation of the original atbegshi
package with kernel methods
)
\Hy@abspage=\count320
\c@Item=\count321
\c@Hfootnote=\count322
)
Package hyperref Info: Driver (autodetected): hxetex.

(/usr/share/texlive/texmf-dist/tex/latex/hyperref/hxetex.def
File: hxetex.def 2024-01-20 v7.01h Hyperref driver for XeTeX

(/usr/share/texlive/texmf-dist/tex/generic/stringenc/stringenc.sty
Package: stringenc 2019/11/29 v1.12 Convert strings between diff. encodings (HO
)
)
\pdfm@box=\box66
\c@Hy@AnnotLevel=\count323
\HyField@AnnotCount=\count324
\Fld@listcount=\count325
\c@bookmark@seq@number=\count326

(/usr/share/texlive/texmf-dist/tex/latex/rerunfilecheck/rerunfilecheck.sty
Package: rerunfilecheck 2022-07-10 v1.10 Rerun checks for auxiliary files (HO)

(/usr/share/texlive/texmf-dist/tex/latex/base/atveryend-ltx.sty
Package: atveryend-ltx 2020/08/19 v1.0a Emulation of the original atveryend pac
kage
with kernel methods
)
(/usr/share/texlive/texmf-dist/tex/generic/uniquecounter/uniquecounter.sty
Package: uniquecounter 2019/12/15 v1.4 Provide unlimited unique counter (HO)
)
Package uniquecounter Info: New unique counter `rerunfilecheck' on input line 2
85.
)
\Hy@SectionHShift=\skip69
)
(/usr/share/texlive/texmf-dist/tex/latex/bookmark/bkm-dvipdfm.def
File: bkm-dvipdfm.def 2023-12-10 v1.31 bookmark driver for dvipdfm (HO)
\BKM@id=\count327
))

! LaTeX Error: Option clash for package hyperref.

See the LaTeX manual or LaTeX Companion for explanation.
Type  H <return>  for immediate help.
 ...                                              
                                                  
l.8 \usepackage
               {titlesec,fancyhdr,hhline,colortbl,enumitem,needspace,threepa...

The package hyperref has already been loaded with options:
  []
There has now been an attempt to load it with options
  [colorlinks=true,linkcolor=black,citecolor=black]
Adding the global options:
  ,colorlinks=true,linkcolor=black,citecolor=black
to your \documentclass declaration may fix this.
Try typing  <return>  to proceed.

(/usr/share/texlive/texmf-dist/tex/latex/titlesec/titlesec.sty
Package: titlesec 2023/10/27 v2.16 Sectioning titles
\ttl@box=\box67
\beforetitleunit=\skip70
\aftertitleunit=\skip71
\ttl@plus=\dimen277
\ttl@minus=\dimen278
\ttl@toksa=\toks28
\titlewidth=\dimen279
\titlewidthlast=\dimen280
\titlewidthfirst=\dimen281
)
(/usr/share/texlive/texmf-dist/tex/latex/fancyhdr/fancyhdr.sty
Package: fancyhdr 2022/11/09 v4.1 Extensive control of page headers and footers

\f@nch@headwidth=\skip72
\f@nch@O@elh=\skip73
\f@nch@O@erh=\skip74
\f@nch@O@olh=\skip75
\f@nch@O@orh=\skip76
\f@nch@O@elf=\skip77
\f@nch@O@erf=\skip78
\f@nch@O@olf=\skip79
\f@nch@O@orf=\skip80
)
(/usr/share/texlive/texmf-dist/tex/latex/tools/hhline.sty
Package: hhline 2020/01/04 v2.04 Table rule package (DPC)
)
(/usr/share/texlive/texmf-dist/tex/latex/colortbl/colortbl.sty
Package: colortbl 2022/06/20 v1.0f Color table columns (DPC)

(/usr/share/texlive/texmf-dist/tex/latex/graphics/color.sty
Package: color 2022/01/06 v1.3d Standard LaTeX Color (DPC)

(/usr/share/texlive/texmf-dist/tex/latex/graphics-cfg/color.cfg
File: color.cfg 2016/01/02 v1.6 sample color configuration
)
Package color Info: Driver file: xetex.def on input line 149.

(/usr/share/texlive/texmf-dist/tex/latex/graphics/mathcolor.ltx))
\everycr=\toks29
\minrowclearance=\skip81
\rownum=\count328
)
(/usr/share/texlive/texmf-dist/tex/latex/enumitem/enumitem.sty
Package: enumitem 2019/06/20 v3.9 Customized lists
\labelindent=\skip82
\enit@outerparindent=\dimen282
\enit@toks=\toks30
\enit@inbox=\box68
\enit@count@id=\count329
\enitdp@description=\count330
)
(/usr/share/texlive/texmf-dist/tex/latex/needspace/needspace.sty
Package: needspace 2010/09/12 v1.3d reserve vertical space
)
(/usr/share/texlive/texmf-dist/tex/latex/threeparttable/threeparttable.sty
Package: threeparttable 2003/06/13  v 3.0
\@tempboxb=\box69
)
(/usr/share/texlive/texmf-dist/tex/latex/pdflscape/pdflscape.sty
Package: pdflscape 2022-10-27 v0.13 Display of landscape pages in PDF

(/usr/share/texlive/texmf-dist/tex/latex/pdflscape/pdflscape-nometadata.sty
Package: pdflscape-nometadata 2022-10-28 v0.13 Display of landscape pages in PD
F (HO)

(/usr/share/texlive/texmf-dist/tex/latex/graphics/lscape.sty
Package: lscape 2020/05/28 v3.02 Landscape Pages (DPC)
)
Package pdflscape Info: Auto-detected driver: dvipdfm (xetex) on input line 98.

))
(/usr/share/texlive/texmf-dist/tex/latex/tools/afterpage.sty
Package: afterpage 2023/07/04 v1.08 After-Page Package (DPC)
\AP@output=\toks31
\AP@partial=\box70
\AP@footins=\box71
)

! Package xeCJK Error: Sorry, but xeCJK/options does not have a key called
(xeCJK)                `CxCJKspacespacespace'.
(xeCJK)                
(xeCJK)                The key `CxCJKspacespacespace' is being ignored.

Type <return> to continue.
 ...                                              
                                                  
l.11 ...=true,xeCJKactive=true,punctuation=simple}
                                                  

LaTeX does not know anything more about this error, sorry.

Try typing <return> to proceed.
If that doesn't work, type X <return> to quit.



! Package xeCJK Error: Sorry, but xeCJK/options does not have a key called
(xeCJK)                `punctuation'.
(xeCJK)                
(xeCJK)                The key `punctuation' is being ignored.

Type <return> to continue.
 ...                                              
                                                  
l.11 ...=true,xeCJKactive=true,punctuation=simple}
                                                  

LaTeX does not know anything more about this error, sorry.

Try typing <return> to proceed.
If that doesn't work, type X <return> to quit.



! Package fontspec Error: The font "Times New Roman" cannot be found.

For immediate help type H <return>.
 ...                                              
                                                  
l.15 \setsansfont
                 {Arial}

A font might not be found for many reasons.
 Check the spelling, where the font is installed etc. etc.

 When in doubt, ask someone for help!



Package fontspec Info: Could not resolve font "Times New Roman/BI" (it
(fontspec)             probably doesn't exist).


Package fontspec Info: Could not resolve font "Times New Roman/B" (it probably
(fontspec)             doesn't exist).


Package fontspec Info: Could not resolve font "Times New Roman/I" (it probably
(fontspec)             doesn't exist).


! Package fontspec Error: The font "Times New Roman" cannot be found.

For immediate help type H <return>.
 ...                                              
                                                  
l.15 \setsansfont
                 {Arial}

A font might not be found for many reasons.
 Check the spelling, where the font is installed etc. etc.

 When in doubt, ask someone for help!



! Package fontspec Error: The font "Times New Roman" cannot be found.

For immediate help type H <return>.
 ...                                              
                                                  
l.15 \setsansfont
                 {Arial}

A font might not be found for many reasons.
 Check the spelling, where the font is installed etc. etc.

 When in doubt, ask someone for help!



Package fontspec Info: Font family 'TimesNewRoman(0)' created for font 'Times
(fontspec)             New Roman' with options [Ligatures=TeX].
(fontspec)              
(fontspec)              This font family consists of the following NFSS
(fontspec)             series/shapes:
(fontspec)              
(fontspec)             - 'normal' (m/n) with NFSS spec.: <->"Times New Roman"
(fontspec)             - 'small caps'  (m/sc) with NFSS spec.: <->"Times New
(fontspec)             Roman"

! Font TU/TimesNewRoman(0)/m/n/10.95="Times New Roman" at 10.95pt not loadable:
 Metric (TFM) file or installed font not found.
<to be read again> 
                   relax 
l.15 \setsansfont
                 {Arial}
I wasn't able to read the size data for this font,
so I will ignore the font specification.
[Wizards can fix TFM files using TFtoPL/PLtoTF.]
You might try inserting a different font spec;
e.g., type `I\font<same font id>=<substitute font name>'.


! Package fontspec Error: The font "Arial" cannot be found.

For immediate help type H <return>.
 ...                                              
                                                  
l.16 \setmonofont
                 {Courier New}

A font might not be found for many reasons.
 Check the spelling, where the font is installed etc. etc.

 When in doubt, ask someone for help!



Package fontspec Info: Could not resolve font "Arial/BI" (it probably doesn't
(fontspec)             exist).


Package fontspec Info: Could not resolve font "Arial/B" (it probably doesn't
(fontspec)             exist).


Package fontspec Info: Could not resolve font "Arial/I" (it probably doesn't
(fontspec)             exist).


! Package fontspec Error: The font "Arial" cannot be found.

For immediate help type H <return>.
 ...                                              
                                                  
l.16 \setmonofont
                 {Courier New}

A font might not be found for many reasons.
 Check the spelling, where the font is installed etc. etc.

 When in doubt, ask someone for help!



! Package fontspec Error: The font "Arial" cannot be found.

For immediate help type H <return>.
 ...                                              
                                                  
l.16 \setmonofont
                 {Courier New}

A font might not be found for many reasons.
 Check the spelling, where the font is installed etc. etc.

 When in doubt, ask someone for help!



Package fontspec Info: Font family 'Arial(0)' created for font 'Arial' with
(fontspec)             options [Ligatures=TeX].
(fontspec)              
(fontspec)              This font family consists of the following NFSS
(fontspec)             series/shapes:
(fontspec)              
(fontspec)             - 'normal' (m/n) with NFSS spec.: <->"Arial"
(fontspec)             - 'small caps'  (m/sc) with NFSS spec.: <->"Arial"


! Package fontspec Error: The font "Courier New" cannot be found.

For immediate help type H <return>.
 ...                                              
                                                  
l.17 \setCJKmainfont
                    {Noto Sans CJK SC}[BoldFont={Noto Sans CJK SC},Script=CJ...


A font might not be found for many reasons.
 Check the spelling, where the font is installed etc. etc.

 When in doubt, ask someone for help!



Package fontspec Info: Could not resolve font "Courier New/BI" (it probably
(fontspec)             doesn't exist).


Package fontspec Info: Could not resolve font "Courier New/B" (it probably
(fontspec)             doesn't exist).


Package fontspec Info: Could not resolve font "Courier New/I" (it probably
(fontspec)             doesn't exist).


! Package fontspec Error: The font "Courier New" cannot be found.

For immediate help type H <return>.
 ...                                              
                                                  
l.17 \setCJKmainfont
                    {Noto Sans CJK SC}[BoldFont={Noto Sans CJK SC},Script=CJ...


A font might not be found for many reasons.
 Check the spelling, where the font is installed etc. etc.

 When in doubt, ask someone for help!



! Package fontspec Error: The font "Courier New" cannot be found.

For immediate help type H <return>.
 ...                                              
                                                  
l.17 \setCJKmainfont
                    {Noto Sans CJK SC}[BoldFont={Noto Sans CJK SC},Script=CJ...


A font might not be found for many reasons.
 Check the spelling, where the font is installed etc. etc.

 When in doubt, ask someone for help!



Package fontspec Info: Font family 'CourierNew(0)' created for font 'Courier
(fontspec)             New' with options
(fontspec)             [WordSpace={1,0,0},HyphenChar=None,PunctuationSpace=Word
Space].
(fontspec)              
(fontspec)              This font family consists of the following NFSS
(fontspec)             series/shapes:
(fontspec)              
(fontspec)             - 'normal' (m/n) with NFSS spec.: <->"Courier New"
(fontspec)             - 'small caps'  (m/sc) with NFSS spec.: <->"Courier
(fontspec)             New"
(fontspec)             and font adjustment code:
(fontspec)             \fontdimen 2\font =1\fontdimen 2\font \fontdimen 3\font
(fontspec)             =0\fontdimen 3\font \fontdimen 4\font =0\fontdimen
(fontspec)             4\font \fontdimen 7\font =0\fontdimen 2\font
(fontspec)             \tex_hyphenchar:D \font =-1\scan_stop: 


Package fontspec Info: Could not resolve font "Noto Sans CJK SC/I" (it
(fontspec)             probably doesn't exist).


Package fontspec Info: Could not resolve font "Noto Sans CJK SC/I" (it
(fontspec)             probably doesn't exist).


Package fontspec Info: Font family 'NotoSansCJKSC(0)' created for font 'Noto
(fontspec)             Sans CJK SC' with options
(fontspec)             [Script={CJK},Script={CJK},Language={Chinese
(fontspec)             Simplified},BoldFont={Noto Sans CJK SC}].
(fontspec)              
(fontspec)              This font family consists of the following NFSS
(fontspec)             series/shapes:
(fontspec)              
(fontspec)             - 'normal' (m/n) with NFSS spec.: <->"Noto Sans CJK
(fontspec)             SC/OT:script=hani;language=ZHS;"
(fontspec)             - 'small caps'  (m/sc) with NFSS spec.: 
(fontspec)             - 'bold' (b/n) with NFSS spec.: <->"Noto Sans CJK
(fontspec)             SC/OT:script=hani;language=ZHS;"
(fontspec)             - 'bold small caps'  (b/sc) with NFSS spec.: 
(fontspec)             - 'bold italic' (b/it) with NFSS spec.: <->"Noto Sans
(fontspec)             CJK SC/BI/OT:script=hani;language=ZHS;"
(fontspec)             - 'bold italic small caps'  (b/scit) with NFSS spec.: 

! Undefined control sequence.
l.39 \allsectionsfont
                     {\CJKfamily{Noto Sans CJK SC}}
The control sequence at the end of the top line
of your error message was never \def'ed. If you have
misspelled it (e.g., `\hobx'), type `I' and the correct
spelling (e.g., `I\hbox'). Otherwise just continue,
and I'll forget about whatever was undefined.


Package xeCJK Warning: Unknown CJK family `Noto Sans CJK SC' is being ignored.
(xeCJK)                
(xeCJK)                Try to use `\setCJKfamilyfont{Noto Sans CJK
(xeCJK)                SC}[<...>]{<...>}' to define it.

! Undefined control sequence.
l.40 \sectionfont
                 {\fontsize{13pt}{16pt}\selectfont\bfseries\color{darkblue}\...
The control sequence at the end of the top line
of your error message was never \def'ed. If you have
misspelled it (e.g., `\hobx'), type `I' and the correct
spelling (e.g., `I\hbox'). Otherwise just continue,
and I'll forget about whatever was undefined.

! Font TU/TimesNewRoman(0)/m/n/13="Times New Roman" at 13.0pt not loadable: Met
ric (TFM) file or installed font not found.
<to be read again> 
                   relax 
l.40 \sectionfont{\fontsize{13pt}{16pt}\selectfont
                                                  \bfseries\color{darkblue}\...
I wasn't able to read the size data for this font,
so I will ignore the font specification.
[Wizards can fix TFM files using TFtoPL/PLtoTF.]
You might try inserting a different font spec;
e.g., type `I\font<same font id>=<substitute font name>'.


LaTeX Font Warning: Font shape `TU/TimesNewRoman(0)/b/n' undefined
(Font)              using `TU/TimesNewRoman(0)/m/n' instead on input line 40.

! Argument of \MakeUppercase  has an extra }.
<inserted text> 
                \par 
l.40 ...nt\bfseries\color{darkblue}\MakeUppercase}
                                                  
I've run across a `}' that doesn't seem to match anything.
For example, `\def\a#1{...}' and `\a}' would produce
this error. If you simply proceed now, the `\par' that
I've just inserted will cause me to report a runaway
argument that might be the root of the problem. But if
your `}' was spurious, just type `2' and it will go away.

Runaway argument?
! Paragraph ended before \MakeUppercase  was complete.
<to be read again> 
                   \par 
l.40 ...nt\bfseries\color{darkblue}\MakeUppercase}
                                                  
I suspect you've forgotten a `}', causing me to apply this
control sequence to too much text. How can we recover?
My plan is to forget the whole thing and hope for the best.

! Undefined control sequence.
l.41 \subsectionfont
                    {\fontsize{11.5pt}{14pt}\selectfont\bfseries\color{darkb...
The control sequence at the end of the top line
of your error message was never \def'ed. If you have
misspelled it (e.g., `\hobx'), type `I' and the correct
spelling (e.g., `I\hbox'). Otherwise just continue,
and I'll forget about whatever was undefined.

! Font TU/TimesNewRoman(0)/m/n/11.5="Times New Roman" at 11.5pt not loadable: M
etric (TFM) file or installed font not found.
<to be read again> 
                   relax 
l.41 ...ionfont{\fontsize{11.5pt}{14pt}\selectfont
                                                  \bfseries\color{darkblue}}
I wasn't able to read the size data for this font,
so I will ignore the font specification.
[Wizards can fix TFM files using TFtoPL/PLtoTF.]
You might try inserting a different font spec;
e.g., type `I\font<same font id>=<substitute font name>'.

! Font TU/TimesNewRoman(0)/b/n/11.5="Times New Roman" at 11.5pt not loadable: M
etric (TFM) file or installed font not found.
<to be read again> 
                   relax 
l.41 ...fontsize{11.5pt}{14pt}\selectfont\bfseries
                                                  \color{darkblue}}
I wasn't able to read the size data for this font,
so I will ignore the font specification.
[Wizards can fix TFM files using TFtoPL/PLtoTF.]
You might try inserting a different font spec;
e.g., type `I\font<same font id>=<substitute font name>'.

! Undefined control sequence.
l.42 \subsubsectionfont
                       {\fontsize{11pt}{13pt}\selectfont\bfseries\color{dark...
The control sequence at the end of the top line
of your error message was never \def'ed. If you have
misspelled it (e.g., `\hobx'), type `I' and the correct
spelling (e.g., `I\hbox'). Otherwise just continue,
and I'll forget about whatever was undefined.

! Font TU/TimesNewRoman(0)/m/n/11="Times New Roman" at 11.0pt not loadable: Met
ric (TFM) file or installed font not found.
<to be read again> 
                   relax 
l.42 ...ctionfont{\fontsize{11pt}{13pt}\selectfont
                                                  \bfseries\color{darkblue}}
I wasn't able to read the size data for this font,
so I will ignore the font specification.
[Wizards can fix TFM files using TFtoPL/PLtoTF.]
You might try inserting a different font spec;
e.g., type `I\font<same font id>=<substitute font name>'.

! Font TU/TimesNewRoman(0)/b/n/11="Times New Roman" at 11.0pt not loadable: Met
ric (TFM) file or installed font not found.
<to be read again> 
                   relax 
l.42 ...{\fontsize{11pt}{13pt}\selectfont\bfseries
                                                  \color{darkblue}}
I wasn't able to read the size data for this font,
so I will ignore the font specification.
[Wizards can fix TFM files using TFtoPL/PLtoTF.]
You might try inserting a different font spec;
e.g., type `I\font<same font id>=<substitute font name>'.

(./hengda_full_report.aux)
\openout1 = `hengda_full_report.aux'.

LaTeX Font Info:    Checking defaults for OML/cmm/m/it on input line 44.
LaTeX Font Info:    ... okay on input line 44.
LaTeX Font Info:    Checking defaults for OMS/cmsy/m/n on input line 44.
LaTeX Font Info:    ... okay on input line 44.
LaTeX Font Info:    Checking defaults for OT1/cmr/m/n on input line 44.
LaTeX Font Info:    ... okay on input line 44.
LaTeX Font Info:    Checking defaults for T1/cmr/m/n on input line 44.
LaTeX Font Info:    ... okay on input line 44.
LaTeX Font Info:    Checking defaults for TS1/cmr/m/n on input line 44.
LaTeX Font Info:    Trying to load font information for TS1+cmr on input line 4
4.

(/usr/share/texlive/texmf-dist/tex/latex/base/ts1cmr.fd
File: ts1cmr.fd 2023/04/13 v2.5m Standard LaTeX font definitions
)
LaTeX Font Info:    ... okay on input line 44.
LaTeX Font Info:    Checking defaults for TU/lmr/m/n on input line 44.
LaTeX Font Info:    ... okay on input line 44.
LaTeX Font Info:    Checking defaults for OMX/cmex/m/n on input line 44.
LaTeX Font Info:    ... okay on input line 44.
LaTeX Font Info:    Checking defaults for U/cmr/m/n on input line 44.
LaTeX Font Info:    ... okay on input line 44.
LaTeX Font Info:    Checking defaults for PD1/pdf/m/n on input line 44.
LaTeX Font Info:    ... okay on input line 44.
LaTeX Font Info:    Checking defaults for PU/pdf/m/n on input line 44.
LaTeX Font Info:    ... okay on input line 44.

*geometry* driver: auto-detecting
*geometry* detected driver: xetex
*geometry* verbose mode - [ preamble ] result:
* driver: xetex
* paper: a4paper
* layout: <same size as paper>
* layoutoffset:(h,v)=(0.0pt,0.0pt)
* modes: 
* h-part:(L,W,R)=(56.90552pt, 483.69684pt, 56.90552pt)
* v-part:(T,H,B)=(45.52438pt, 731.23582pt, 68.28664pt)
* \paperwidth=597.50787pt
* \paperheight=845.04684pt
* \textwidth=483.69684pt
* \textheight=731.23582pt
* \oddsidemargin=-15.36447pt
* \evensidemargin=-15.36447pt
* \topmargin=-63.7456pt
* \headheight=12.0pt
* \headsep=25.0pt
* \topskip=11.0pt
* \footskip=30.0pt
* \marginparwidth=50.0pt
* \marginparsep=10.0pt
* \columnsep=10.0pt
* \skip\footins=10.0pt plus 4.0pt minus 2.0pt
* \hoffset=0.0pt
* \voffset=0.0pt
* \mag=1000
* \@twocolumnfalse
* \@twosidefalse
* \@mparswitchfalse
* \@reversemarginfalse
* (1in=72.27pt=25.4mm, 1cm=28.453pt)


Package fontspec Info: Adjusting the maths setup (use [no-math] to avoid
(fontspec)             this).

\symlegacymaths=\mathgroup6
LaTeX Font Info:    Overwriting symbol font `legacymaths' in version `bold'
(Font)                  OT1/cmr/m/n --> OT1/cmr/bx/n on input line 44.
LaTeX Font Info:    Redeclaring math accent \acute on input line 44.
LaTeX Font Info:    Redeclaring math accent \grave on input line 44.
LaTeX Font Info:    Redeclaring math accent \ddot on input line 44.
LaTeX Font Info:    Redeclaring math accent \tilde on input line 44.
LaTeX Font Info:    Redeclaring math accent \bar on input line 44.
LaTeX Font Info:    Redeclaring math accent \breve on input line 44.
LaTeX Font Info:    Redeclaring math accent \check on input line 44.
LaTeX Font Info:    Redeclaring math accent \hat on input line 44.
LaTeX Font Info:    Redeclaring math accent \dot on input line 44.
LaTeX Font Info:    Redeclaring math accent \mathring on input line 44.
LaTeX Font Info:    Redeclaring math symbol \Gamma on input line 44.
LaTeX Font Info:    Redeclaring math symbol \Delta on input line 44.
LaTeX Font Info:    Redeclaring math symbol \Theta on input line 44.
LaTeX Font Info:    Redeclaring math symbol \Lambda on input line 44.
LaTeX Font Info:    Redeclaring math symbol \Xi on input line 44.
LaTeX Font Info:    Redeclaring math symbol \Pi on input line 44.
LaTeX Font Info:    Redeclaring math symbol \Sigma on input line 44.
LaTeX Font Info:    Redeclaring math symbol \Upsilon on input line 44.
LaTeX Font Info:    Redeclaring math symbol \Phi on input line 44.
LaTeX Font Info:    Redeclaring math symbol \Psi on input line 44.
LaTeX Font Info:    Redeclaring math symbol \Omega on input line 44.
LaTeX Font Info:    Redeclaring math symbol \mathdollar on input line 44.
LaTeX Font Info:    Redeclaring symbol font `operators' on input line 44.
LaTeX Font Info:    Encoding `OT1' has changed to `TU' for symbol font
(Font)              `operators' in the math version `normal' on input line 44.
LaTeX Font Info:    Overwriting symbol font `operators' in version `normal'
(Font)                  OT1/cmr/m/n --> TU/TimesNewRoman(0)/m/n on input line 4
4.
LaTeX Font Info:    Encoding `OT1' has changed to `TU' for symbol font
(Font)              `operators' in the math version `bold' on input line 44.
LaTeX Font Info:    Overwriting symbol font `operators' in version `bold'
(Font)                  OT1/cmr/bx/n --> TU/TimesNewRoman(0)/m/n on input line 
44.
LaTeX Font Info:    Overwriting symbol font `operators' in version `normal'
(Font)                  TU/TimesNewRoman(0)/m/n --> TU/TimesNewRoman(0)/m/n on 
input line 44.
LaTeX Font Info:    Overwriting math alphabet `\mathit' in version `normal'
(Font)                  OT1/cmr/m/it --> TU/TimesNewRoman(0)/m/it on input line
 44.
LaTeX Font Info:    Overwriting math alphabet `\mathbf' in version `normal'
(Font)                  OT1/cmr/bx/n --> TU/TimesNewRoman(0)/b/n on input line 
44.
LaTeX Font Info:    Overwriting math alphabet `\mathsf' in version `normal'
(Font)                  OT1/cmss/m/n --> TU/Arial(0)/m/n on input line 44.
LaTeX Font Info:    Overwriting math alphabet `\mathtt' in version `normal'
(Font)                  OT1/cmtt/m/n --> TU/CourierNew(0)/m/n on input line 44.

LaTeX Font Info:    Overwriting symbol font `operators' in version `bold'
(Font)                  TU/TimesNewRoman(0)/m/n --> TU/TimesNewRoman(0)/b/n on 
input line 44.
LaTeX Font Info:    Overwriting math alphabet `\mathit' in version `bold'
(Font)                  OT1/cmr/bx/it --> TU/TimesNewRoman(0)/b/it on input lin
e 44.
LaTeX Font Info:    Overwriting math alphabet `\mathsf' in version `bold'
(Font)                  OT1/cmss/bx/n --> TU/Arial(0)/b/n on input line 44.
LaTeX Font Info:    Overwriting math alphabet `\mathtt' in version `bold'
(Font)                  OT1/cmtt/m/n --> TU/CourierNew(0)/b/n on input line 44.

Package caption Info: Begin \AtBeginDocument code.
Package caption Info: hyperref package is loaded.
Package caption Info: threeparttable package is loaded.
Package caption Info: End \AtBeginDocument code.
Package hyperref Info: Link coloring OFF on input line 44.
! Font TU/TimesNewRoman(0)/m/n/10="Times New Roman" at 10.0pt not loadable: Met
ric (TFM) file or installed font not found.
<to be read again> 
                   relax 
l.51   \fontsize{10pt}{12pt}\selectfont
                                        中华人民共和国\quad 中国法律\quad \\[0.5cm]
I wasn't able to read the size data for this font,
so I will ignore the font specification.
[Wizards can fix TFM files using TFtoPL/PLtoTF.]
You might try inserting a different font spec;
e.g., type `I\font<same font id>=<substitute font name>'.

! Font TU/TimesNewRoman(0)/m/n/7="Times New Roman" at 7.0pt not loadable: Metri
c (TFM) file or installed font not found.
<to be read again> 
                   relax 
l.52   \begin{tabular}
                      {|c|}
I wasn't able to read the size data for this font,
so I will ignore the font specification.
[Wizards can fix TFM files using TFtoPL/PLtoTF.]
You might try inserting a different font spec;
e.g., type `I\font<same font id>=<substitute font name>'.

! Font TU/TimesNewRoman(0)/m/n/5="Times New Roman" at 5.0pt not loadable: Metri
c (TFM) file or installed font not found.
<to be read again> 
                   relax 
l.52   \begin{tabular}
                      {|c|}
I wasn't able to read the size data for this font,
so I will ignore the font specification.
[Wizards can fix TFM files using TFtoPL/PLtoTF.]
You might try inserting a different font spec;
e.g., type `I\font<same font id>=<substitute font name>'.

LaTeX Font Info:    Trying to load font information for U+msa on input line 52.

(/usr/share/texlive/texmf-dist/tex/latex/amsfonts/umsa.fd
File: umsa.fd 2013/01/14 v3.01 AMS symbols A
)
LaTeX Font Info:    Trying to load font information for U+msb on input line 52.


(/usr/share/texlive/texmf-dist/tex/latex/amsfonts/umsb.fd
File: umsb.fd 2013/01/14 v3.01 AMS symbols B
)
! Font TU/TimesNewRoman(0)/b/n/10="Times New Roman" at 10.0pt not loadable: Met
ric (TFM) file or installed font not found.
<to be read again> 
                   relax 
l.54 ...ectfont\color{darkblue}{恒大集团案全链条刑事追诉研究报告}}
                                                  \\[0.5cm]
I wasn't able to read the size data for this font,
so I will ignore the font specification.
[Wizards can fix TFM files using TFtoPL/PLtoTF.]
You might try inserting a different font spec;
e.g., type `I\font<same font id>=<substitute font name>'.

! Font TU/TimesNewRoman(0)/b/n/24="Times New Roman" at 24.0pt not loadable: Met
ric (TFM) file or installed font not found.
<to be read again> 
                   relax 
l.54 ...ectfont\color{darkblue}{恒大集团案全链条刑事追诉研究报告}}
                                                  \\[0.5cm]
I wasn't able to read the size data for this font,
so I will ignore the font specification.
[Wizards can fix TFM files using TFtoPL/PLtoTF.]
You might try inserting a different font spec;
e.g., type `I\font<same font id>=<substitute font name>'.

! Font TU/TimesNewRoman(0)/b/n/16="Times New Roman" at 16.0pt not loadable: Met
ric (TFM) file or installed font not found.
<to be read again> 
                   relax 
l.55 ...nt\color{darkblue}{——许家印案一审判决深度评估与追诉穷尽分析}}
                                                  \\[0.8cm]
I wasn't able to read the size data for this font,
so I will ignore the font specification.
[Wizards can fix TFM files using TFtoPL/PLtoTF.]
You might try inserting a different font spec;
e.g., type `I\font<same font id>=<substitute font name>'.

LaTeX Font Info:    Calculating math sizes for size <11> on input line 61.
! Font TU/TimesNewRoman(0)/m/n/7.69997="Times New Roman" at 7.69997pt not loada
ble: Metric (TFM) file or installed font not found.
<to be read again> 
                   relax 
l.61 \begin{tabular}
                    {p{3.5cm}p{8.5cm}}
I wasn't able to read the size data for this font,
so I will ignore the font specification.
[Wizards can fix TFM files using TFtoPL/PLtoTF.]
You might try inserting a different font spec;
e.g., type `I\font<same font id>=<substitute font name>'.

! Font TU/TimesNewRoman(0)/m/n/5.5="Times New Roman" at 5.5pt not loadable: Met
ric (TFM) file or installed font not found.
<to be read again> 
                   relax 
l.61 \begin{tabular}
                    {p{3.5cm}p{8.5cm}}
I wasn't able to read the size data for this font,
so I will ignore the font specification.
[Wizards can fix TFM files using TFtoPL/PLtoTF.]
You might try inserting a different font spec;
e.g., type `I\font<same font id>=<substitute font name>'.


LaTeX Font Warning: Font shape `OML/cmm/m/it' in size <5.5> not available
(Font)              size <5> substituted on input line 61.


LaTeX Font Warning: Font shape `OMS/cmsy/m/n' in size <5.5> not available
(Font)              size <5> substituted on input line 61.


LaTeX Font Warning: Font shape `OT1/cmr/m/n' in size <5.5> not available
(Font)              size <5> substituted on input line 61.

Missing character: There is no ( ("28) in font nullfont!
Missing character: There is no 2 ("32) in font nullfont!
Missing character: There is no 0 ("30) in font nullfont!
Missing character: There is no 2 ("32) in font nullfont!
Missing character: There is no 6 ("36) in font nullfont!
Missing character: There is no ) ("29) in font nullfont!
Missing character: There is no 0 ("30) in font nullfont!
Missing character: There is no 3 ("33) in font nullfont!
Missing character: There is no X ("58) in font nullfont!
Missing character: There is no X ("58) in font nullfont!
Missing character: There is no X ("58) in font nullfont!
Missing character: There is no 2 ("32) in font nullfont!
Missing character: There is no 0 ("30) in font nullfont!
Missing character: There is no 2 ("32) in font nullfont!
Missing character: There is no 6 ("36) in font nullfont!
Missing character: There is no 8 ("38) in font nullfont!
Missing character: There is no 2 ("32) in font nullfont!
Missing character: There is no 0 ("30) in font nullfont!
! Missing $ inserted.
<inserted text> 
                $
l.67   \textbf{穷尽标准} & 中国刑法全部罪名\cdotp
                                      全部责任主体\cdotp 全部证据路径 \\
I've inserted a begin-math/end-math symbol since I think
you left one out. Proceed, with fingers crossed.

! Missing $ inserted.
<inserted text> 
                $
l.68   \textbf
              {数据来源} & 新华社\cdotp 最高人民法院\cdotp 中国证监会\cdotp 国家金融监督管理总局 \\
I've inserted a begin-math/end-math symbol since I think
you left one out. Proceed, with fingers crossed.

! \textfont 0 is undefined (character 全).
<inserted text> $
                 
l.68   \textbf
              {数据来源} & 新华社\cdotp 最高人民法院\cdotp 中国证监会\cdotp 国家金融监督管理总局 \\
Somewhere in the math formula just ended, you used the
stated character from an undefined font family. For example,
plain TeX doesn't allow \it or \sl in subscripts. Proceed,
and I'll try to forget that I needed that character.

! \textfont 0 is undefined (character 部).
<inserted text> $
                 
l.68   \textbf
              {数据来源} & 新华社\cdotp 最高人民法院\cdotp 中国证监会\cdotp 国家金融监督管理总局 \\
Somewhere in the math formula just ended, you used the
stated character from an undefined font family. For example,
plain TeX doesn't allow \it or \sl in subscripts. Proceed,
and I'll try to forget that I needed that character.

! \textfont 0 is undefined (character 责).
<inserted text> $
                 
l.68   \textbf
              {数据来源} & 新华社\cdotp 最高人民法院\cdotp 中国证监会\cdotp 国家金融监督管理总局 \\
Somewhere in the math formula just ended, you used the
stated character from an undefined font family. For example,
plain TeX doesn't allow \it or \sl in subscripts. Proceed,
and I'll try to forget that I needed that character.

! \textfont 0 is undefined (character 任).
<inserted text> $
                 
l.68   \textbf
              {数据来源} & 新华社\cdotp 最高人民法院\cdotp 中国证监会\cdotp 国家金融监督管理总局 \\
Somewhere in the math formula just ended, you used the
stated character from an undefined font family. For example,
plain TeX doesn't allow \it or \sl in subscripts. Proceed,
and I'll try to forget that I needed that character.

! \textfont 0 is undefined (character 主).
<inserted text> $
                 
l.68   \textbf
              {数据来源} & 新华社\cdotp 最高人民法院\cdotp 中国证监会\cdotp 国家金融监督管理总局 \\
Somewhere in the math formula just ended, you used the
stated character from an undefined font family. For example,
plain TeX doesn't allow \it or \sl in subscripts. Proceed,
and I'll try to forget that I needed that character.

! \textfont 0 is undefined (character 体).
<inserted text> $
                 
l.68   \textbf
              {数据来源} & 新华社\cdotp 最高人民法院\cdotp 中国证监会\cdotp 国家金融监督管理总局 \\
Somewhere in the math formula just ended, you used the
stated character from an undefined font family. For example,
plain TeX doesn't allow \it or \sl in subscripts. Proceed,
and I'll try to forget that I needed that character.

! \textfont 0 is undefined (character 全).
<inserted text> $
                 
l.68   \textbf
              {数据来源} & 新华社\cdotp 最高人民法院\cdotp 中国证监会\cdotp 国家金融监督管理总局 \\
Somewhere in the math formula just ended, you used the
stated character from an undefined font family. For example,
plain TeX doesn't allow \it or \sl in subscripts. Proceed,
and I'll try to forget that I needed that character.

! \textfont 0 is undefined (character 部).
<inserted text> $
                 
l.68   \textbf
              {数据来源} & 新华社\cdotp 最高人民法院\cdotp 中国证监会\cdotp 国家金融监督管理总局 \\
Somewhere in the math formula just ended, you used the
stated character from an undefined font family. For example,
plain TeX doesn't allow \it or \sl in subscripts. Proceed,
and I'll try to forget that I needed that character.

! \textfont 0 is undefined (character 证).
<inserted text> $
                 
l.68   \textbf
              {数据来源} & 新华社\cdotp 最高人民法院\cdotp 中国证监会\cdotp 国家金融监督管理总局 \\
Somewhere in the math formula just ended, you used the
stated character from an undefined font family. For example,
plain TeX doesn't allow \it or \sl in subscripts. Proceed,
and I'll try to forget that I needed that character.

! \textfont 0 is undefined (character 据).
<inserted text> $
                 
l.68   \textbf
              {数据来源} & 新华社\cdotp 最高人民法院\cdotp 中国证监会\cdotp 国家金融监督管理总局 \\
Somewhere in the math formula just ended, you used the
stated character from an undefined font family. For example,
plain TeX doesn't allow \it or \sl in subscripts. Proceed,
and I'll try to forget that I needed that character.

! \textfont 0 is undefined (character 路).
<inserted text> $
                 
l.68   \textbf
              {数据来源} & 新华社\cdotp 最高人民法院\cdotp 中国证监会\cdotp 国家金融监督管理总局 \\
Somewhere in the math formula just ended, you used the
stated character from an undefined font family. For example,
plain TeX doesn't allow \it or \sl in subscripts. Proceed,
and I'll try to forget that I needed that character.

! \textfont 0 is undefined (character 径).
<inserted text> $
                 
l.68   \textbf
              {数据来源} & 新华社\cdotp 最高人民法院\cdotp 中国证监会\cdotp 国家金融监督管理总局 \\
Somewhere in the math formula just ended, you used the
stated character from an undefined font family. For example,
plain TeX doesn't allow \it or \sl in subscripts. Proceed,
and I'll try to forget that I needed that character.

! Missing $ inserted.
<inserted text> 
                $
l.68   \textbf{数据来源} & 新华社\cdotp
                                 最高人民法院\cdotp 中国证监会\cdotp 国家金融监督管理总局 \\
I've inserted a begin-math/end-math symbol since I think
you left one out. Proceed, with fingers crossed.

! Missing $ inserted.
<inserted text> 
                $
l.69 \end
         {tabular}
I've inserted a begin-math/end-math symbol since I think
you left one out. Proceed, with fingers crossed.

! \textfont 0 is undefined (character 最).
<inserted text> $
                 
l.69 \end
         {tabular}
Somewhere in the math formula just ended, you used the
stated character from an undefined font family. For example,
plain TeX doesn't allow \it or \sl in subscripts. Proceed,
and I'll try to forget that I needed that character.

! \textfont 0 is undefined (character 高).
<inserted text> $
                 
l.69 \end
         {tabular}
Somewhere in the math formula just ended, you used the
stated character from an undefined font family. For example,
plain TeX doesn't allow \it or \sl in subscripts. Proceed,
and I'll try to forget that I needed that character.

! \textfont 0 is undefined (character 人).
<inserted text> $
                 
l.69 \end
         {tabular}
Somewhere in the math formula just ended, you used the
stated character from an undefined font family. For example,
plain TeX doesn't allow \it or \sl in subscripts. Proceed,
and I'll try to forget that I needed that character.

! \textfont 0 is undefined (character 民).
<inserted text> $
                 
l.69 \end
         {tabular}
Somewhere in the math formula just ended, you used the
stated character from an undefined font family. For example,
plain TeX doesn't allow \it or \sl in subscripts. Proceed,
and I'll try to forget that I needed that character.

! \textfont 0 is undefined (character 法).
<inserted text> $
                 
l.69 \end
         {tabular}
Somewhere in the math formula just ended, you used the
stated character from an undefined font family. For example,
plain TeX doesn't allow \it or \sl in subscripts. Proceed,
and I'll try to forget that I needed that character.

! \textfont 0 is undefined (character 院).
<inserted text> $
                 
l.69 \end
         {tabular}
Somewhere in the math formula just ended, you used the
stated character from an undefined font family. For example,
plain TeX doesn't allow \it or \sl in subscripts. Proceed,
and I'll try to forget that I needed that character.

! \textfont 0 is undefined (character 中).
<inserted text> $
                 
l.69 \end
         {tabular}
Somewhere in the math formula just ended, you used the
stated character from an undefined font family. For example,
plain TeX doesn't allow \it or \sl in subscripts. Proceed,
and I'll try to forget that I needed that character.

! \textfont 0 is undefined (character 国).
<inserted text> $
                 
l.69 \end
         {tabular}
Somewhere in the math formula just ended, you used the
stated character from an undefined font family. For example,
plain TeX doesn't allow \it or \sl in subscripts. Proceed,
and I'll try to forget that I needed that character.

! \textfont 0 is undefined (character 证).
<inserted text> $
                 
l.69 \end
         {tabular}
Somewhere in the math formula just ended, you used the
stated character from an undefined font family. For example,
plain TeX doesn't allow \it or \sl in subscripts. Proceed,
and I'll try to forget that I needed that character.

! \textfont 0 is undefined (character 监).
<inserted text> $
                 
l.69 \end
         {tabular}
Somewhere in the math formula just ended, you used the
stated character from an undefined font family. For example,
plain TeX doesn't allow \it or \sl in subscripts. Proceed,
and I'll try to forget that I needed that character.

! \textfont 0 is undefined (character 会).
<inserted text> $
                 
l.69 \end
         {tabular}
Somewhere in the math formula just ended, you used the
stated character from an undefined font family. For example,
plain TeX doesn't allow \it or \sl in subscripts. Proceed,
and I'll try to forget that I needed that character.

! \textfont 0 is undefined (character 国).
<inserted text> $
                 
l.69 \end
         {tabular}
Somewhere in the math formula just ended, you used the
stated character from an undefined font family. For example,
plain TeX doesn't allow \it or \sl in subscripts. Proceed,
and I'll try to forget that I needed that character.

! \textfont 0 is undefined (character 家).
<inserted text> $
                 
l.69 \end
         {tabular}
Somewhere in the math formula just ended, you used the
stated character from an undefined font family. For example,
plain TeX doesn't allow \it or \sl in subscripts. Proceed,
and I'll try to forget that I needed that character.

! \textfont 0 is undefined (character 金).
<inserted text> $
                 
l.69 \end
         {tabular}
Somewhere in the math formula just ended, you used the
stated character from an undefined font family. For example,
plain TeX doesn't allow \it or \sl in subscripts. Proceed,
and I'll try to forget that I needed that character.

! \textfont 0 is undefined (character 融).
<inserted text> $
                 
l.69 \end
         {tabular}
Somewhere in the math formula just ended, you used the
stated character from an undefined font family. For example,
plain TeX doesn't allow \it or \sl in subscripts. Proceed,
and I'll try to forget that I needed that character.

! \textfont 0 is undefined (character 监).
<inserted text> $
                 
l.69 \end
         {tabular}
Somewhere in the math formula just ended, you used the
stated character from an undefined font family. For example,
plain TeX doesn't allow \it or \sl in subscripts. Proceed,
and I'll try to forget that I needed that character.

! \textfont 0 is undefined (character 督).
<inserted text> $
                 
l.69 \end
         {tabular}
Somewhere in the math formula just ended, you used the
stated character from an undefined font family. For example,
plain TeX doesn't allow \it or \sl in subscripts. Proceed,
and I'll try to forget that I needed that character.

! \textfont 0 is undefined (character 管).
<inserted text> $
                 
l.69 \end
         {tabular}
Somewhere in the math formula just ended, you used the
stated character from an undefined font family. For example,
plain TeX doesn't allow \it or \sl in subscripts. Proceed,
and I'll try to forget that I needed that character.

! \textfont 0 is undefined (character 理).
<inserted text> $
                 
l.69 \end
         {tabular}
Somewhere in the math formula just ended, you used the
stated character from an undefined font family. For example,
plain TeX doesn't allow \it or \sl in subscripts. Proceed,
and I'll try to forget that I needed that character.

! \textfont 0 is undefined (character 总).
<inserted text> $
                 
l.69 \end
         {tabular}
Somewhere in the math formula just ended, you used the
stated character from an undefined font family. For example,
plain TeX doesn't allow \it or \sl in subscripts. Proceed,
and I'll try to forget that I needed that character.

! \textfont 0 is undefined (character 局).
<inserted text> $
                 
l.69 \end
         {tabular}
Somewhere in the math formula just ended, you used the
stated character from an undefined font family. For example,
plain TeX doesn't allow \it or \sl in subscripts. Proceed,
and I'll try to forget that I needed that character.

[1

]
! Font TU/TimesNewRoman(0)/m/n/14.4="Times New Roman" at 14.4pt not loadable: M
etric (TFM) file or installed font not found.
<to be read again> 
                   relax 
l.74 \tableofcontents
                     
I wasn't able to read the size data for this font,
so I will ignore the font specification.
[Wizards can fix TFM files using TFtoPL/PLtoTF.]
You might try inserting a different font spec;
e.g., type `I\font<same font id>=<substitute font name>'.

! Font TU/TimesNewRoman(0)/b/n/14.4="Times New Roman" at 14.4pt not loadable: M
etric (TFM) file or installed font not found.
<to be read again> 
                   relax 
l.74 \tableofcontents
                     
I wasn't able to read the size data for this font,
so I will ignore the font specification.
[Wizards can fix TFM files using TFtoPL/PLtoTF.]
You might try inserting a different font spec;
e.g., type `I\font<same font id>=<substitute font name>'.

Missing character: There is no C ("43) in font nullfont!
Missing character: There is no o ("6F) in font nullfont!
Missing character: There is no n ("6E) in font nullfont!
Missing character: There is no t ("74) in font nullfont!
Missing character: There is no e ("65) in font nullfont!
Missing character: There is no n ("6E) in font nullfont!
Missing character: There is no t ("74) in font nullfont!
Missing character: There is no s ("73) in font nullfont!
(./hengda_full_report.toc
! Font TU/TimesNewRoman(0)/m/n/12="Times New Roman" at 12.0pt not loadable: Met
ric (TFM) file or installed font not found.
<to be read again> 
                   relax 
l.1 ...I\hspace {1em}第一卷：判决全面评估与存在问题分析}{5}{part.1}
                                                  %
I wasn't able to read the size data for this font,
so I will ignore the font specification.
[Wizards can fix TFM files using TFtoPL/PLtoTF.]
You might try inserting a different font spec;
e.g., type `I\font<same font id>=<substitute font name>'.

! Font TU/TimesNewRoman(0)/b/n/12="Times New Roman" at 12.0pt not loadable: Met
ric (TFM) file or installed font not found.
<to be read again> 
                   relax 
l.1 ...I\hspace {1em}第一卷：判决全面评估与存在问题分析}{5}{part.1}
                                                  %
I wasn't able to read the size data for this font,
so I will ignore the font specification.
[Wizards can fix TFM files using TFtoPL/PLtoTF.]
You might try inserting a different font spec;
e.g., type `I\font<same font id>=<substitute font name>'.

Missing character: There is no I ("49) in font nullfont!
Missing character: There is no 5 ("35) in font nullfont!
! Font TU/TimesNewRoman(0)/b/n/10.95="Times New Roman" at 10.95pt not loadable:
 Metric (TFM) file or installed font not found.
<to be read again> 
                   relax 
l.2 ...section}{\numberline {1}研究概述}{5}{section.1}
                                                  %
I wasn't able to read the size data for this font,
so I will ignore the font specification.
[Wizards can fix TFM files using TFtoPL/PLtoTF.]
You might try inserting a different font spec;
e.g., type `I\font<same font id>=<substitute font name>'.

Missing character: There is no 1 ("31) in font nullfont!
Missing character: There is no 5 ("35) in font nullfont!
Missing character: There is no 1 ("31) in font nullfont!
Missing character: There is no . ("2E) in font nullfont!
Missing character: There is no 1 ("31) in font nullfont!
! Font TU/TimesNewRoman(0)/m/n/8="Times New Roman" at 8.0pt not loadable: Metri
c (TFM) file or installed font not found.
<to be read again> 
                   relax 
l.3 ...\numberline {1.1}案件基本情况}{5}{subsection.1.1}
                                                  %
I wasn't able to read the size data for this font,
so I will ignore the font specification.
[Wizards can fix TFM files using TFtoPL/PLtoTF.]
You might try inserting a different font spec;
e.g., type `I\font<same font id>=<substitute font name>'.

! Font TU/TimesNewRoman(0)/m/n/6="Times New Roman" at 6.0pt not loadable: Metri
c (TFM) file or installed font not found.
<to be read again> 
                   relax 
l.3 ...\numberline {1.1}案件基本情况}{5}{subsection.1.1}
                                                  %
I wasn't able to read the size data for this font,
so I will ignore the font specification.
[Wizards can fix TFM files using TFtoPL/PLtoTF.]
You might try inserting a different font spec;
e.g., type `I\font<same font id>=<substitute font name>'.

Missing character: There is no . ("2E) in font nullfont!
Missing character: There is no 5 ("35) in font nullfont!
Missing character: There is no 1 ("31) in font nullfont!
Missing character: There is no . ("2E) in font nullfont!
Missing character: There is no 2 ("32) in font nullfont!
Missing character: There is no . ("2E) in font nullfont!
Missing character: There is no 5 ("35) in font nullfont!
Missing character: There is no 2 ("32) in font nullfont!
Missing character: There is no 5 ("35) in font nullfont!
Missing character: There is no 2 ("32) in font nullfont!
Missing character: There is no . ("2E) in font nullfont!
Missing character: There is no 1 ("31) in font nullfont!
Missing character: There is no 1 ("31) in font nullfont!
Missing character: There is no 2 ("32) in font nullfont!
Missing character: There is no . ("2E) in font nullfont!
Missing character: There is no 5 ("35) in font nullfont!
Missing character: There is no 2 ("32) in font nullfont!
Missing character: There is no . ("2E) in font nullfont!
Missing character: There is no 1 ("31) in font nullfont!
Missing character: There is no . ("2E) in font nullfont!
Missing character: There is no 1 ("31) in font nullfont!
Missing character: There is no 1 ("31) in font nullfont!
Missing character: There is no 9 ("39) in font nullfont!
Missing character: There is no 1 ("31) in font nullfont!
Missing character: There is no . ("2E) in font nullfont!
Missing character: There is no 6 ("36) in font nullfont!
Missing character: There is no 2 ("32) in font nullfont!
Missing character: There is no . ("2E) in font nullfont!
Missing character: There is no 1 ("31) in font nullfont!
Missing character: There is no . ("2E) in font nullfont!
Missing character: There is no 2 ("32) in font nullfont!
Missing character: There is no 2 ("32) in font nullfont!
Missing character: There is no 0 ("30) in font nullfont!
Missing character: There is no 1 ("31) in font nullfont!
Missing character: There is no . ("2E) in font nullfont!
Missing character: There is no 7 ("37) in font nullfont!
Missing character: There is no 2 ("32) in font nullfont!
Missing character: There is no . ("2E) in font nullfont!
Missing character: There is no 1 ("31) in font nullfont!
Missing character: There is no . ("2E) in font nullfont!
Missing character: There is no 3 ("33) in font nullfont!
Missing character: There is no 1 ("31) in font nullfont!
Missing character: There is no 7 ("37) in font nullfont!
Missing character: There is no 5 ("35) in font nullfont!
Missing character: There is no . ("2E) in font nullfont!
Missing character: There is no 7 ("37) in font nullfont!
Missing character: There is no 2 ("32) in font nullfont!
Missing character: There is no . ("2E) in font nullfont!
Missing character: There is no 1 ("31) in font nullfont!
Missing character: There is no . ("2E) in font nullfont!
Missing character: There is no 4 ("34) in font nullfont!
Missing character: There is no 1 ("31) in font nullfont!
Missing character: There is no 6 ("36) in font nullfont!
Missing character: There is no 9 ("39) in font nullfont!
Missing character: There is no . ("2E) in font nullfont!
Missing character: There is no 7 ("37) in font nullfont!
Missing character: There is no 2 ("32) in font nullfont!
Missing character: There is no . ("2E) in font nullfont!
Missing character: There is no 1 ("31) in font nullfont!
Missing character: There is no . ("2E) in font nullfont!
Missing character: There is no 5 ("35) in font nullfont!
Missing character: There is no 2 ("32) in font nullfont!
Missing character: There is no 7 ("37) in font nullfont!
Missing character: There is no 2 ("32) in font nullfont!
Missing character: There is no . ("2E) in font nullfont!
Missing character: There is no 7 ("37) in font nullfont!
Missing character: There is no 2 ("32) in font nullfont!
Missing character: There is no . ("2E) in font nullfont!
Missing character: There is no 1 ("31) in font nullfont!
Missing character: There is no . ("2E) in font nullfont!
Missing character: There is no 6 ("36) in font nullfont!
Missing character: There is no 1 ("31) in font nullfont!
Missing character: There is no 6 ("36) in font nullfont!
Missing character: There is no 4 ("34) in font nullfont!
Missing character: There is no . ("2E) in font nullfont!
Missing character: There is no 7 ("37) in font nullfont!
Missing character: There is no 2 ("32) in font nullfont!
Missing character: There is no . ("2E) in font nullfont!
Missing character: There is no 1 ("31) in font nullfont!
Missing character: There is no . ("2E) in font nullfont!
Missing character: There is no 7 ("37) in font nullfont!
Missing character: There is no 1 ("31) in font nullfont!
Missing character: There is no 6 ("36) in font nullfont!
Missing character: There is no 1 ("31) in font nullfont!
Missing character: There is no . ("2E) in font nullfont!
Missing character: There is no 8 ("38) in font nullfont!
Missing character: There is no 2 ("32) in font nullfont!
Missing character: There is no . ("2E) in font nullfont!
Missing character: There is no 1 ("31) in font nullfont!
Missing character: There is no . ("2E) in font nullfont!
Missing character: There is no 8 ("38) in font nullfont!
Missing character: There is no 2 ("32) in font nullfont!
Missing character: There is no 2 ("32) in font nullfont!
Missing character: There is no 9 ("39) in font nullfont!
Missing character: There is no . ("2E) in font nullfont!
Missing character: There is no 8 ("38) in font nullfont!
Missing character: There is no 2 ("32) in font nullfont!
Missing character: There is no . ("2E) in font nullfont!
Missing character: There is no 1 ("31) in font nullfont!
Missing character: There is no . ("2E) in font nullfont!
Missing character: There is no 9 ("39) in font nullfont!
Missing character: There is no 2 ("32) in font nullfont!
Missing character: There is no 7 ("37) in font nullfont!
Missing character: There is no 6 ("36) in font nullfont!
Missing character: There is no . ("2E) in font nullfont!
Missing character: There is no 8 ("38) in font nullfont!
Missing character: There is no 2 ("32) in font nullfont!
Missing character: There is no . ("2E) in font nullfont!
Missing character: There is no 1 ("31) in font nullfont!
Missing character: There is no . ("2E) in font nullfont!
Missing character: There is no 1 ("31) in font nullfont!
Missing character: There is no 0 ("30) in font nullfont!
Missing character: There is no 1 ("31) in font nullfont!
Missing character: There is no 8 ("38) in font nullfont!
Missing character: There is no 2 ("32) in font nullfont!
Missing character: There is no . ("2E) in font nullfont!
Missing character: There is no 8 ("38) in font nullfont!
Missing character: There is no 2 ("32) in font nullfont!
Missing character: There is no . ("2E) in font nullfont!
Missing character: There is no 1 ("31) in font nullfont!
Missing character: There is no . ("2E) in font nullfont!
Missing character: There is no 1 ("31) in font nullfont!
Missing character: There is no 1 ("31) in font nullfont!
Missing character: There is no 1 ("31) in font nullfont!
Missing character: There is no 6 ("36) in font nullfont!
Missing character: There is no 8 ("38) in font nullfont!
Missing character: There is no - ("2D) in font nullfont!
Missing character: There is no . ("2E) in font nullfont!
Missing character: There is no 8 ("38) in font nullfont!
Missing character: There is no 2 ("32) in font nullfont!
Missing character: There is no . ("2E) in font nullfont!
Missing character: There is no 1 ("31) in font nullfont!
Missing character: There is no . ("2E) in font nullfont!
Missing character: There is no 1 ("31) in font nullfont!
Missing character: There is no 2 ("32) in font nullfont!
Missing character: There is no 2 ("32) in font nullfont!
Missing character: There is no 8 ("38) in font nullfont!
Missing character: There is no 6 ("36) in font nullfont!
Missing character: There is no . ("2E) in font nullfont!
Missing character: There is no 8 ("38) in font nullfont!
Missing character: There is no 2 ("32) in font nullfont!
Missing character: There is no . ("2E) in font nullfont!
Missing character: There is no 2 ("32) in font nullfont!
Missing character: There is no 5 ("35) in font nullfont!
Missing character: There is no . ("2E) in font nullfont!
Missing character: There is no 9 ("39) in font nullfont!
Missing character: There is no 2 ("32) in font nullfont!
Missing character: There is no . ("2E) in font nullfont!
Missing character: There is no 2 ("32) in font nullfont!
Missing character: There is no . ("2E) in font nullfont!
Missing character: There is no 1 ("31) in font nullfont!
Missing character: There is no . ("2E) in font nullfont!
Missing character: There is no 9 ("39) in font nullfont!
Missing character: There is no 2 ("32) in font nullfont!
Missing character: There is no . ("2E) in font nullfont!
Missing character: There is no 2 ("32) in font nullfont!
Missing character: There is no . ("2E) in font nullfont!
Missing character: There is no 2 ("32) in font nullfont!
Missing character: There is no " ("22) in font nullfont!
Missing character: There is no " ("22) in font nullfont!
Missing character: There is no . ("2E) in font nullfont!
Missing character: There is no 9 ("39) in font nullfont!
Missing character: There is no 2 ("32) in font nullfont!
Missing character: There is no . ("2E) in font nullfont!
Missing character: There is no 2 ("32) in font nullfont!
Missing character: There is no . ("2E) in font nullfont!
Missing character: There is no 3 ("33) in font nullfont!
Missing character: There is no " ("22) in font nullfont!
Missing character: There is no " ("22) in font nullfont!
Missing character: There is no . ("2E) in font nullfont!
Missing character: There is no 9 ("39) in font nullfont!
Missing character: There is no 2 ("32) in font nullfont!
Missing character: There is no . ("2E) in font nullfont!
Missing character: There is no 2 ("32) in font nullfont!
Missing character: There is no . ("2E) in font nullfont!
Missing character: There is no 4 ("34) in font nullfont!
Missing character: There is no . ("2E) in font nullfont!
Missing character: There is no 9 ("39) in font nullfont!
Missing character: There is no 2 ("32) in font nullfont!
Missing character: There is no . ("2E) in font nullfont!
Missing character: There is no 2 ("32) in font nullfont!
Missing character: There is no . ("2E) in font nullfont!
Missing character: There is no 5 ("35) in font nullfont!
Missing character: There is no . ("2E) in font nullfont!
Missing character: There is no 9 ("39) in font nullfont!
Missing character: There is no 3 ("33) in font nullfont!
Missing character: There is no 5 ("35) in font nullfont!
Missing character: There is no 9 ("39) in font nullfont!
Missing character: There is no 3 ("33) in font nullfont!
Missing character: There is no . ("2E) in font nullfont!
Missing character: There is no 1 ("31) in font nullfont!
Missing character: There is no . ("2E) in font nullfont!
Missing character: There is no 9 ("39) in font nullfont!
Missing character: There is no 3 ("33) in font nullfont!
Missing character: There is no . ("2E) in font nullfont!
Missing character: There is no 2 ("32) in font nullfont!
Missing character: There is no . ("2E) in font nullfont!
Missing character: There is no 1 ("31) in font nullfont!
Missing character: There is no 1 ("31) in font nullfont!
Missing character: There is no 3 ("33) in font nullfont!
Missing character: There is no . ("2E) in font nullfont!
Missing character: There is no 3 ("33) in font nullfont!
Missing character: There is no . ("2E) in font nullfont!
Missing character: There is no 1 ("31) in font nullfont!
Missing character: There is no 1 ("31) in font nullfont!
Missing character: There is no I ("49) in font nullfont!
Missing character: There is no I ("49) in font nullfont!
Missing character: There is no 1 ("31) in font nullfont!
Missing character: There is no 2 ("32) in font nullfont!
Missing character: There is no 4 ("34) in font nullfont!
Missing character: There is no 1 ("31) in font nullfont!
Missing character: There is no 2 ("32) in font nullfont!
Missing character: There is no 4 ("34) in font nullfont!
Missing character: There is no . ("2E) in font nullfont!
Missing character: There is no 1 ("31) in font nullfont!
Missing character: There is no . ("2E) in font nullfont!
Missing character: There is no 1 ("31) in font nullfont!
Missing character: There is no 2 ("32) in font nullfont!
Missing character: There is no 4 ("34) in font nullfont!
Missing character: There is no . ("2E) in font nullfont!
Missing character: There is no 2 ("32) in font nullfont!
Missing character: There is no . ("2E) in font nullfont!
Missing character: There is no 1 ("31) in font nullfont!
Missing character: There is no 2 ("32) in font nullfont!
Missing character: There is no 4 ("34) in font nullfont!
Missing character: There is no . ("2E) in font nullfont!
Missing character: There is no 2 ("32) in font nullfont!
Missing character: There is no . ("2E) in font nullfont!
Missing character: There is no 1 ("31) in font nullfont!
Missing character: There is no § ("A7) in font nullfont!
Missing character: There is no 1 ("31) in font nullfont!
Missing character: There is no 9 ("39) in font nullfont!
Missing character: There is no 1 ("31) in font nullfont!
Missing character: There is no . ("2E) in font nullfont!
Missing character: There is no 1 ("31) in font nullfont!
Missing character: There is no 2 ("32) in font nullfont!
Missing character: There is no 4 ("34) in font nullfont!
Missing character: There is no . ("2E) in font nullfont!
Missing character: There is no 2 ("32) in font nullfont!
Missing character: There is no . ("2E) in font nullfont!
Missing character: There is no 2 ("32) in font nullfont!
Missing character: There is no § ("A7) in font nullfont!
Missing character: There is no 2 ("32) in font nullfont!
Missing character: There is no 0 ("30) in font nullfont!
Missing character: There is no 1 ("31) in font nullfont!
Missing character: There is no . ("2E) in font nullfont!
Missing character: There is no 1 ("31) in font nullfont!
Missing character: There is no 3 ("33) in font nullfont!
Missing character: There is no 4 ("34) in font nullfont!
Missing character: There is no . ("2E) in font nullfont!
Missing character: There is no 2 ("32) in font nullfont!
Missing character: There is no . ("2E) in font nullfont!
Missing character: There is no 3 ("33) in font nullfont!
Missing character: There is no § ("A7) in font nullfont!
Missing character: There is no 1 ("31) in font nullfont!
Missing character: There is no 7 ("37) in font nullfont!
Missing character: There is no 5 ("35) in font nullfont!
Missing character: There is no . ("2E) in font nullfont!
Missing character: There is no 1 ("31) in font nullfont!
Missing character: There is no 3 ("33) in font nullfont!
Missing character: There is no 4 ("34) in font nullfont!
Missing character: There is no . ("2E) in font nullfont!
Missing character: There is no 2 ("32) in font nullfont!
Missing character: There is no . ("2E) in font nullfont!
Missing character: There is no 4 ("34) in font nullfont!
Missing character: There is no § ("A7) in font nullfont!
Missing character: There is no 1 ("31) in font nullfont!
Missing character: There is no 6 ("36) in font nullfont!
Missing character: There is no 9 ("39) in font nullfont!
Missing character: There is no + ("2B) in font nullfont!
Missing character: There is no § ("A7) in font nullfont!
Missing character: There is no 1 ("31) in font nullfont!
Missing character: There is no 6 ("36) in font nullfont!
Missing character: There is no 9 ("39) in font nullfont!
Missing character: There is no . ("2E) in font nullfont!
Missing character: There is no 1 ("31) in font nullfont!
Missing character: There is no 3 ("33) in font nullfont!
Missing character: There is no 4 ("34) in font nullfont!
Missing character: There is no . ("2E) in font nullfont!
Missing character: There is no 2 ("32) in font nullfont!
Missing character: There is no . ("2E) in font nullfont!
Missing character: There is no 5 ("35) in font nullfont!
Missing character: There is no § ("A7) in font nullfont!
Missing character: There is no 2 ("32) in font nullfont!
Missing character: There is no 7 ("37) in font nullfont!
Missing character: There is no 2 ("32) in font nullfont!
Missing character: There is no . ("2E) in font nullfont!
Missing character: There is no 1 ("31) in font nullfont!
Missing character: There is no 3 ("33) in font nullfont!
! Font TU/TimesNewRoman(0)/m/n/9="Times New Roman" at 9.0pt not loadable: Metri
c (TFM) file or installed font not found.
<to be read again> 
                   relax 
l.38 ...作人员行贿罪（§164）追诉路径}{14}{subsubsection.4.2.6}
                                                  %
I wasn't able to read the size data for this font,
so I will ignore the font specification.
[Wizards can fix TFM files using TFtoPL/PLtoTF.]
You might try inserting a different font spec;
e.g., type `I\font<same font id>=<substitute font name>'.

Missing character: There is no 2 ("32) in font nullfont!
Missing character: There is no 0 ("30) in font nullfont!
Missing character: There is no 2 ("32) in font nullfont!
Missing character: There is no 6 ("36) in font nullfont!
Missing character: There is no 8 ("38) in font nullfont!
Missing character: There is no 2 ("32) in font nullfont!

Package fancyhdr Warning: \headheight is too small (12.0pt): 
(fancyhdr)                Make it at least 12.4pt, for example:
(fancyhdr)                \setlength{\headheight}{12.4pt}.
(fancyhdr)                You might also make \topmargin smaller to compensate:

(fancyhdr)                \addtolength{\topmargin}{-0.4pt}.

! Undefined control sequence.
\f@nch@ocf ...11pt}\selectfont 机密\quad 第\thepage页 
                                                  \strut 
l.38 ...作人员行贿罪（§164）追诉路径}{14}{subsubsection.4.2.6}
                                                  %
The control sequence at the end of the top line
of your error message was never \def'ed. If you have
misspelled it (e.g., `\hobx'), type `I' and the correct
spelling (e.g., `I\hbox'). Otherwise just continue,
and I'll forget about whatever was undefined.

[2]
Missing character: There is no 4 ("34) in font nullfont!
Missing character: There is no . ("2E) in font nullfont!
Missing character: There is no 2 ("32) in font nullfont!
Missing character: There is no . ("2E) in font nullfont!
Missing character: There is no 6 ("36) in font nullfont!
Missing character: There is no § ("A7) in font nullfont!
Missing character: There is no 1 ("31) in font nullfont!
Missing character: There is no 6 ("36) in font nullfont!
Missing character: There is no 4 ("34) in font nullfont!
Missing character: There is no . ("2E) in font nullfont!
Missing character: There is no 1 ("31) in font nullfont!
Missing character: There is no 4 ("34) in font nullfont!
Missing character: There is no 5 ("35) in font nullfont!
Missing character: There is no 1 ("31) in font nullfont!
Missing character: There is no 4 ("34) in font nullfont!
Missing character: There is no I ("49) in font nullfont!
Missing character: There is no I ("49) in font nullfont!
Missing character: There is no I ("49) in font nullfont!
Missing character: There is no 1 ("31) in font nullfont!
Missing character: There is no 6 ("36) in font nullfont!
Missing character: There is no 6 ("36) in font nullfont!
Missing character: There is no 1 ("31) in font nullfont!
Missing character: There is no 6 ("36) in font nullfont!
Missing character: There is no 6 ("36) in font nullfont!
Missing character: There is no . ("2E) in font nullfont!
Missing character: There is no 1 ("31) in font nullfont!
Missing character: There is no . ("2E) in font nullfont!
Missing character: There is no 1 ("31) in font nullfont!
Missing character: There is no 6 ("36) in font nullfont!
Missing character: There is no 6 ("36) in font nullfont!
Missing character: There is no . ("2E) in font nullfont!
Missing character: There is no 2 ("32) in font nullfont!
Missing character: There is no . ("2E) in font nullfont!
Missing character: There is no 1 ("31) in font nullfont!
Missing character: There is no 7 ("37) in font nullfont!
Missing character: There is no 6 ("36) in font nullfont!
Missing character: There is no . ("2E) in font nullfont!
Missing character: There is no 3 ("33) in font nullfont!
Missing character: There is no . ("2E) in font nullfont!
Missing character: There is no 1 ("31) in font nullfont!
Missing character: There is no 7 ("37) in font nullfont!
Missing character: There is no 6 ("36) in font nullfont!
Missing character: There is no . ("2E) in font nullfont!
Missing character: There is no 4 ("34) in font nullfont!
Missing character: There is no . ("2E) in font nullfont!
Missing character: There is no 1 ("31) in font nullfont!
Missing character: There is no 7 ("37) in font nullfont!
Missing character: There is no 6 ("36) in font nullfont!
Missing character: There is no . ("2E) in font nullfont!
Missing character: There is no 5 ("35) in font nullfont!
Missing character: There is no . ("2E) in font nullfont!
Missing character: There is no 1 ("31) in font nullfont!
Missing character: There is no 8 ("38) in font nullfont!
Missing character: There is no 7 ("37) in font nullfont!
Missing character: There is no 1 ("31) in font nullfont!
Missing character: There is no 9 ("39) in font nullfont!
Missing character: There is no 7 ("37) in font nullfont!
Missing character: There is no . ("2E) in font nullfont!
Missing character: There is no 1 ("31) in font nullfont!
Missing character: There is no § ("A7) in font nullfont!
Missing character: There is no 1 ("31) in font nullfont!
Missing character: There is no 7 ("37) in font nullfont!
Missing character: There is no 6 ("36) in font nullfont!
Missing character: There is no . ("2E) in font nullfont!
Missing character: There is no 1 ("31) in font nullfont!
Missing character: There is no 9 ("39) in font nullfont!
Missing character: There is no 7 ("37) in font nullfont!
Missing character: There is no . ("2E) in font nullfont!
Missing character: There is no 2 ("32) in font nullfont!
Missing character: There is no § ("A7) in font nullfont!
Missing character: There is no 2 ("32) in font nullfont!
Missing character: There is no 7 ("37) in font nullfont!
Missing character: There is no 1 ("31) in font nullfont!
Missing character: There is no . ("2E) in font nullfont!
Missing character: There is no 2 ("32) in font nullfont!
Missing character: There is no 0 ("30) in font nullfont!
Missing character: There is no 7 ("37) in font nullfont!
Missing character: There is no . ("2E) in font nullfont!
Missing character: There is no 3 ("33) in font nullfont!
Missing character: There is no § ("A7) in font nullfont!
Missing character: There is no 1 ("31) in font nullfont!
Missing character: There is no 8 ("38) in font nullfont!
Missing character: There is no 6 ("36) in font nullfont!
Missing character: There is no . ("2E) in font nullfont!
Missing character: There is no 2 ("32) in font nullfont!
Missing character: There is no 1 ("31) in font nullfont!
Missing character: There is no 7 ("37) in font nullfont!
Missing character: There is no . ("2E) in font nullfont!
Missing character: There is no 4 ("34) in font nullfont!
Missing character: There is no § ("A7) in font nullfont!
Missing character: There is no 1 ("31) in font nullfont!
Missing character: There is no 6 ("36) in font nullfont!
Missing character: There is no 0 ("30) in font nullfont!
Missing character: There is no . ("2E) in font nullfont!
Missing character: There is no 2 ("32) in font nullfont!
Missing character: There is no 2 ("32) in font nullfont!
Missing character: There is no 7 ("37) in font nullfont!
Missing character: There is no . ("2E) in font nullfont!
Missing character: There is no 5 ("35) in font nullfont!
Missing character: There is no § ("A7) in font nullfont!
Missing character: There is no 1 ("31) in font nullfont!
Missing character: There is no 9 ("39) in font nullfont!
Missing character: There is no 1 ("31) in font nullfont!
Missing character: There is no . ("2E) in font nullfont!
Missing character: There is no 2 ("32) in font nullfont!
Missing character: There is no 3 ("33) in font nullfont!
Missing character: There is no 7 ("37) in font nullfont!
Missing character: There is no . ("2E) in font nullfont!
Missing character: There is no 6 ("36) in font nullfont!
Missing character: There is no § ("A7) in font nullfont!
Missing character: There is no 1 ("31) in font nullfont!
Missing character: There is no 6 ("36) in font nullfont!
Missing character: There is no 9 ("39) in font nullfont!
Missing character: There is no . ("2E) in font nullfont!
Missing character: There is no 2 ("32) in font nullfont!
Missing character: There is no 4 ("34) in font nullfont!
Missing character: There is no 8 ("38) in font nullfont!
Missing character: There is no 2 ("32) in font nullfont!
Missing character: There is no 5 ("35) in font nullfont!
Missing character: There is no 9 ("39) in font nullfont!
Missing character: There is no 2 ("32) in font nullfont!
Missing character: There is no 6 ("36) in font nullfont!
Missing character: There is no 9 ("39) in font nullfont!
Missing character: There is no . ("2E) in font nullfont!
Missing character: There is no 1 ("31) in font nullfont!
Missing character: There is no . ("2E) in font nullfont!
Missing character: There is no 2 ("32) in font nullfont!
Missing character: There is no 6 ("36) in font nullfont!
Missing character: There is no I ("49) in font nullfont!
Missing character: There is no V ("56) in font nullfont!
Missing character: There is no 2 ("32) in font nullfont!
Missing character: There is no 7 ("37) in font nullfont!
Missing character: There is no 1 ("31) in font nullfont!
Missing character: There is no 0 ("30) in font nullfont!
Missing character: There is no 2 ("32) in font nullfont!
Missing character: There is no 7 ("37) in font nullfont!
Missing character: There is no 1 ("31) in font nullfont!
Missing character: There is no 0 ("30) in font nullfont!
Missing character: There is no . ("2E) in font nullfont!
Missing character: There is no 1 ("31) in font nullfont!
Missing character: There is no . ("2E) in font nullfont!
Missing character: There is no 2 ("32) in font nullfont!
Missing character: There is no 7 ("37) in font nullfont!
Missing character: There is no 1 ("31) in font nullfont!
Missing character: There is no 0 ("30) in font nullfont!
Missing character: There is no . ("2E) in font nullfont!
Missing character: There is no 2 ("32) in font nullfont!
Missing character: There is no . ("2E) in font nullfont!
Missing character: There is no 2 ("32) in font nullfont!
Missing character: There is no 8 ("38) in font nullfont!
Missing character: There is no 1 ("31) in font nullfont!
Missing character: There is no 1 ("31) in font nullfont!
Missing character: There is no 2 ("32) in font nullfont!
Missing character: There is no 8 ("38) in font nullfont!
Missing character: There is no 1 ("31) in font nullfont!
Missing character: There is no 1 ("31) in font nullfont!
Missing character: There is no . ("2E) in font nullfont!
Missing character: There is no 1 ("31) in font nullfont!
Missing character: There is no / ("2F) in font nullfont!
Missing character: There is no . ("2E) in font nullfont!
Missing character: There is no 2 ("32) in font nullfont!
Missing character: There is no 8 ("38) in font nullfont!
Missing character: There is no 1 ("31) in font nullfont!
Missing character: There is no 1 ("31) in font nullfont!
Missing character: There is no . ("2E) in font nullfont!
Missing character: There is no 2 ("32) in font nullfont!
Missing character: There is no . ("2E) in font nullfont!
Missing character: There is no 2 ("32) in font nullfont!
Missing character: There is no 9 ("39) in font nullfont!
Missing character: There is no V ("56) in font nullfont!
Missing character: There is no 3 ("33) in font nullfont!
Missing character: There is no 1 ("31) in font nullfont!
Missing character: There is no 1 ("31) in font nullfont!
Missing character: There is no 2 ("32) in font nullfont!
Missing character: There is no 3 ("33) in font nullfont!
Missing character: There is no 1 ("31) in font nullfont!
Missing character: There is no 1 ("31) in font nullfont!
Missing character: There is no 2 ("32) in font nullfont!
Missing character: There is no . ("2E) in font nullfont!
Missing character: There is no 1 ("31) in font nullfont!
Missing character: There is no . ("2E) in font nullfont!
Missing character: There is no 3 ("33) in font nullfont!
Missing character: There is no 1 ("31) in font nullfont!
Missing character: There is no 1 ("31) in font nullfont!
Missing character: There is no 2 ("32) in font nullfont!
Missing character: There is no . ("2E) in font nullfont!
Missing character: There is no 2 ("32) in font nullfont!
Missing character: There is no . ("2E) in font nullfont!
Missing character: There is no 3 ("33) in font nullfont!
Missing character: There is no 1 ("31) in font nullfont!
Missing character: There is no 1 ("31) in font nullfont!
Missing character: There is no 3 ("33) in font nullfont!
Missing character: There is no 3 ("33) in font nullfont!
Missing character: There is no 2 ("32) in font nullfont!
Missing character: There is no 1 ("31) in font nullfont!
Missing character: There is no 3 ("33) in font nullfont!
Missing character: There is no . ("2E) in font nullfont!
Missing character: There is no 1 ("31) in font nullfont!
Missing character: There is no . ("2E) in font nullfont!
Missing character: There is no 3 ("33) in font nullfont!
Missing character: There is no 2 ("32) in font nullfont!
Missing character: There is no 1 ("31) in font nullfont!
Missing character: There is no 3 ("33) in font nullfont!
Missing character: There is no . ("2E) in font nullfont!
Missing character: There is no 2 ("32) in font nullfont!
Missing character: There is no . ("2E) in font nullfont!
Missing character: There is no 3 ("33) in font nullfont!
Missing character: There is no 2 ("32) in font nullfont!
Missing character: There is no V ("56) in font nullfont!
Missing character: There is no I ("49) in font nullfont!
Missing character: There is no 3 ("33) in font nullfont!
Missing character: There is no 3 ("33) in font nullfont!
Missing character: There is no 1 ("31) in font nullfont!
Missing character: There is no 4 ("34) in font nullfont!
Missing character: There is no 3 ("33) in font nullfont!
Missing character: There is no 3 ("33) in font nullfont!
Missing character: There is no 1 ("31) in font nullfont!
Missing character: There is no 5 ("35) in font nullfont!
Missing character: There is no 3 ("33) in font nullfont!
Missing character: There is no 3 ("33) in font nullfont!
Missing character: There is no 1 ("31) in font nullfont!
Missing character: There is no 5 ("35) in font nullfont!
Missing character: There is no . ("2E) in font nullfont!
Missing character: There is no 1 ("31) in font nullfont!
Missing character: There is no . ("2E) in font nullfont!
Missing character: There is no 3 ("33) in font nullfont!
Missing character: There is no 3 ("33) in font nullfont!
Missing character: There is no 1 ("31) in font nullfont!
Missing character: There is no 5 ("35) in font nullfont!
Missing character: There is no . ("2E) in font nullfont!
Missing character: There is no 2 ("32) in font nullfont!
Missing character: There is no . ("2E) in font nullfont!
Missing character: There is no 3 ("33) in font nullfont!
Missing character: There is no 4 ("34) in font nullfont!
Missing character: There is no 2 ("32) in font nullfont!
Missing character: There is no 0 ("30) in font nullfont!
Missing character: There is no 2 ("32) in font nullfont!
Missing character: There is no 6 ("36) in font nullfont!
Missing character: There is no 8 ("38) in font nullfont!
Missing character: There is no 3 ("33) in font nullfont!

Package fancyhdr Warning: \headheight is too small (12.0pt): 
(fancyhdr)                Make it at least 12.4pt, for example:
(fancyhdr)                \setlength{\headheight}{12.4pt}.
(fancyhdr)                You might also make \topmargin smaller to compensate:

(fancyhdr)                \addtolength{\topmargin}{-0.4pt}.

! Undefined control sequence.
\f@nch@ocf ...11pt}\selectfont 机密\quad 第\thepage页 
                                                  \strut 
l.76 ...e {15.3}事后处置强化（救济机制）}{34}{subsection.15.3}
                                                  %
The control sequence at the end of the top line
of your error message was never \def'ed. If you have
misspelled it (e.g., `\hobx'), type `I' and the correct
spelling (e.g., `I\hbox'). Otherwise just continue,
and I'll forget about whatever was undefined.

[3]
Missing character: There is no 1 ("31) in font nullfont!
Missing character: There is no 5 ("35) in font nullfont!
Missing character: There is no . ("2E) in font nullfont!
Missing character: There is no 3 ("33) in font nullfont!
Missing character: There is no . ("2E) in font nullfont!
Missing character: There is no 3 ("33) in font nullfont!
Missing character: There is no 4 ("34) in font nullfont!
Missing character: There is no 1 ("31) in font nullfont!
Missing character: There is no 6 ("36) in font nullfont!
Missing character: There is no 3 ("33) in font nullfont!
Missing character: There is no 4 ("34) in font nullfont!
Missing character: There is no V ("56) in font nullfont!
Missing character: There is no I ("49) in font nullfont!
Missing character: There is no I ("49) in font nullfont!
Missing character: There is no 3 ("33) in font nullfont!
Missing character: There is no 5 ("35) in font nullfont!
)
\tf@toc=\write3
\openout3 = `hengda_full_report.toc'.


Missing character: There is no 2 ("32) in font nullfont!
Missing character: There is no 0 ("30) in font nullfont!
Missing character: There is no 2 ("32) in font nullfont!
Missing character: There is no 6 ("36) in font nullfont!
Missing character: There is no 8 ("38) in font nullfont!
Missing character: There is no 4 ("34) in font nullfont!

Package fancyhdr Warning: \headheight is too small (12.0pt): 
(fancyhdr)                Make it at least 12.4pt, for example:
(fancyhdr)                \setlength{\headheight}{12.4pt}.
(fancyhdr)                You might also make \topmargin smaller to compensate:

(fancyhdr)                \addtolength{\topmargin}{-0.4pt}.

! Undefined control sequence.
\f@nch@ocf ...11pt}\selectfont 机密\quad 第\thepage页 
                                                  \strut 
l.76 \begin
           {abstract}
The control sequence at the end of the top line
of your error message was never \def'ed. If you have
misspelled it (e.g., `\hobx'), type `I' and the correct
spelling (e.g., `I\hbox'). Otherwise just continue,
and I'll forget about whatever was undefined.

[4]
Missing character: There is no A ("41) in font nullfont!
Missing character: There is no b ("62) in font nullfont!
Missing character: There is no s ("73) in font nullfont!
Missing character: There is no t ("74) in font nullfont!
Missing character: There is no r ("72) in font nullfont!
Missing character: There is no a ("61) in font nullfont!
Missing character: There is no c ("63) in font nullfont!
Missing character: There is no t ("74) in font nullfont!
Missing character: There is no 2 ("32) in font nullfont!
Missing character: There is no 0 ("30) in font nullfont!
Missing character: There is no 2 ("32) in font nullfont!
Missing character: There is no 6 ("36) in font nullfont!
Missing character: There is no 8 ("38) in font nullfont!
Missing character: There is no 2 ("32) in font nullfont!
Missing character: There is no 0 ("30) in font nullfont!
Missing character: There is no 8 ("38) in font nullfont!
Missing character: There is no + ("2B) in font nullfont!
Missing character: There is no 5 ("35) in font nullfont!
Missing character: There is no + ("2B) in font nullfont!
Missing character: There is no 5 ("35) in font nullfont!
Missing character: There is no 2 ("32) in font nullfont!
Missing character: There is no 0 ("30) in font nullfont!
Missing character: There is no 8 ("38) in font nullfont!
Missing character: There is no + ("2B) in font nullfont!
Missing character: There is no 1 ("31) in font nullfont!
Missing character: There is no 2 ("32) in font nullfont!
Missing character: There is no + ("2B) in font nullfont!
Missing character: There is no 1 ("31) in font nullfont!
Missing character: There is no 9 ("39) in font nullfont!
Missing character: There is no + ("2B) in font nullfont!
Missing character: There is no 8 ("38) in font nullfont!
Missing character: There is no + ("2B) in font nullfont!
Missing character: There is no + ("2B) in font nullfont!
Missing character: There is no 0 ("30) in font nullfont!
Missing character: There is no 2 ("32) in font nullfont!
Missing character: There is no 0 ("30) in font nullfont!
Missing character: There is no 2 ("32) in font nullfont!
Missing character: There is no 6 ("36) in font nullfont!
Missing character: There is no 8 ("38) in font nullfont!
Missing character: There is no 5 ("35) in font nullfont!

Package fancyhdr Warning: \headheight is too small (12.0pt): 
(fancyhdr)                Make it at least 12.4pt, for example:
(fancyhdr)                \setlength{\headheight}{12.4pt}.
(fancyhdr)                You might also make \topmargin smaller to compensate:

(fancyhdr)                \addtolength{\topmargin}{-0.4pt}.

! Undefined control sequence.
\f@nch@ocf ...11pt}\selectfont 机密\quad 第\thepage页 
                                                  \strut 
l.80 \part
          {第一卷：判决全面评估与存在问题分析}
The control sequence at the end of the top line
of your error message was never \def'ed. If you have
misspelled it (e.g., `\hobx'), type `I' and the correct
spelling (e.g., `I\hbox'). Otherwise just continue,
and I'll forget about whatever was undefined.

[5]
Missing character: There is no P ("50) in font nullfont!
Missing character: There is no a ("61) in font nullfont!
Missing character: There is no r ("72) in font nullfont!
Missing character: There is no t ("74) in font nullfont!
Missing character: There is no I ("49) in font nullfont!
! Font TU/TimesNewRoman(0)/b/n/20.74="Times New Roman" at 20.74pt not loadable:
 Metric (TFM) file or installed font not found.
<to be read again> 
                   relax 
l.80 \part{第一卷：判决全面评估与存在问题分析}
                             
I wasn't able to read the size data for this font,
so I will ignore the font specification.
[Wizards can fix TFM files using TFtoPL/PLtoTF.]
You might try inserting a different font spec;
e.g., type `I\font<same font id>=<substitute font name>'.

Missing character: There is no 1 ("31) in font nullfont!
Missing character: There is no 1 ("31) in font nullfont!
Missing character: There is no . ("2E) in font nullfont!
Missing character: There is no 1 ("31) in font nullfont!
Missing character: There is no 2 ("32) in font nullfont!
Missing character: There is no 0 ("30) in font nullfont!
Missing character: There is no 2 ("32) in font nullfont!
Missing character: There is no 6 ("36) in font nullfont!
Missing character: There is no 8 ("38) in font nullfont!
Missing character: There is no 2 ("32) in font nullfont!
Missing character: There is no 0 ("30) in font nullfont!
Missing character: There is no " ("22) in font nullfont!
Missing character: There is no " ("22) in font nullfont!
Missing character: There is no " ("22) in font nullfont!
Missing character: There is no " ("22) in font nullfont!
Missing character: There is no 8 ("38) in font nullfont!
Missing character: There is no 8 ("38) in font nullfont!
Missing character: There is no . ("2E) in font nullfont!
Missing character: There is no 2 ("32) in font nullfont!
Missing character: There is no 7 ("37) in font nullfont!
Missing character: There is no 0 ("30) in font nullfont!
Missing character: There is no 5 ("35) in font nullfont!
Missing character: There is no 6 ("36) in font nullfont!
Missing character: There is no 2 ("32) in font nullfont!
Missing character: There is no 0 ("30) in font nullfont!
Missing character: There is no 1 ("31) in font nullfont!
Missing character: There is no 6 ("36) in font nullfont!
Missing character: There is no 2 ("32) in font nullfont!
Missing character: There is no 0 ("30) in font nullfont!
Missing character: There is no 2 ("32) in font nullfont!
Missing character: There is no 1 ("31) in font nullfont!
Missing character: There is no 8 ("38) in font nullfont!
Missing character: There is no 1 ("31) in font nullfont!
Missing character: There is no 7 ("37) in font nullfont!
Missing character: There is no 6 ("36) in font nullfont!
Missing character: There is no 1 ("31) in font nullfont!
Missing character: There is no 9 ("39) in font nullfont!
Missing character: There is no 2 ("32) in font nullfont!
Missing character: There is no 1 ("31) in font nullfont!
Missing character: There is no 8 ("38) in font nullfont!
Missing character: There is no 6 ("36) in font nullfont!
Missing character: There is no 1 ("31) in font nullfont!
Missing character: There is no 6 ("36) in font nullfont!
Missing character: There is no 0 ("30) in font nullfont!
Missing character: There is no 1 ("31) in font nullfont!
Missing character: There is no 6 ("36) in font nullfont!
Missing character: There is no 1 ("31) in font nullfont!
Missing character: There is no 3 ("33) in font nullfont!
Missing character: There is no 9 ("39) in font nullfont!
Missing character: There is no 3 ("33) in font nullfont!
Missing character: There is no 1 ("31) in font nullfont!
Missing character: There is no 8 ("38) in font nullfont!
Missing character: There is no 5 ("35) in font nullfont!
Missing character: There is no 2 ("32) in font nullfont!
Missing character: There is no 7 ("37) in font nullfont!
Missing character: There is no 1 ("31) in font nullfont!
Missing character: There is no 1 ("31) in font nullfont!
Missing character: There is no . ("2E) in font nullfont!
Missing character: There is no 2 ("32) in font nullfont!
Missing character: There is no A ("41) in font nullfont!
Missing character: There is no I ("49) in font nullfont!
Missing character: There is no 2 ("32) in font nullfont!
Missing character: There is no 0 ("30) in font nullfont!
Missing character: There is no 2 ("32) in font nullfont!
Missing character: There is no 6 ("36) in font nullfont!
Missing character: There is no 8 ("38) in font nullfont!
Missing character: There is no 2 ("32) in font nullfont!
Missing character: There is no 0 ("30) in font nullfont!
Missing character: There is no 2 ("32) in font nullfont!
Missing character: There is no 2 ("32) in font nullfont!
Missing character: There is no . ("2E) in font nullfont!
Missing character: There is no 1 ("31) in font nullfont!
Missing character: There is no 1 ("31) in font nullfont!
Missing character: There is no 2 ("32) in font nullfont!
Missing character: There is no 1 ("31) in font nullfont!
Missing character: There is no 2 ("32) in font nullfont!
Missing character: There is no T ("54) in font nullfont!
Missing character: There is no a ("61) in font nullfont!
Missing character: There is no b ("62) in font nullfont!
Missing character: There is no l ("6C) in font nullfont!
Missing character: There is no e ("65) in font nullfont!
Missing character: There is no 1 ("31) in font nullfont!
Missing character: There is no T ("54) in font nullfont!
Missing character: There is no a ("61) in font nullfont!
Missing character: There is no b ("62) in font nullfont!
Missing character: There is no l ("6C) in font nullfont!
Missing character: There is no e ("65) in font nullfont!
Missing character: There is no 1 ("31) in font nullfont!
Missing character: There is no T ("54) in font nullfont!
Missing character: There is no a ("61) in font nullfont!
Missing character: There is no b ("62) in font nullfont!
Missing character: There is no l ("6C) in font nullfont!
Missing character: There is no e ("65) in font nullfont!
Missing character: There is no 1 ("31) in font nullfont!
Missing character: There is no T ("54) in font nullfont!
Missing character: There is no a ("61) in font nullfont!
Missing character: There is no b ("62) in font nullfont!
Missing character: There is no l ("6C) in font nullfont!
Missing character: There is no e ("65) in font nullfont!
Missing character: There is no 1 ("31) in font nullfont!
Missing character: There is no 1 ("31) in font nullfont!
Missing character: There is no § ("A7) in font nullfont!
Missing character: There is no 1 ("31) in font nullfont!
Missing character: There is no 9 ("39) in font nullfont!
Missing character: There is no 1 ("31) in font nullfont!
Missing character: There is no 2 ("32) in font nullfont!
Missing character: There is no 0 ("30) in font nullfont!
Missing character: There is no 3 ("33) in font nullfont!
Missing character: There is no 6 ("36) in font nullfont!
Missing character: There is no 2 ("32) in font nullfont!
Missing character: There is no § ("A7) in font nullfont!
Missing character: There is no 2 ("32) in font nullfont!
Missing character: There is no 0 ("30) in font nullfont!
Missing character: There is no 1 ("31) in font nullfont!
Missing character: There is no 2 ("32) in font nullfont!
Missing character: There is no 0 ("30) in font nullfont!
Missing character: There is no 3 ("33) in font nullfont!
Missing character: There is no 6 ("36) in font nullfont!
Missing character: There is no 3 ("33) in font nullfont!
Missing character: There is no § ("A7) in font nullfont!
Missing character: There is no 1 ("31) in font nullfont!
Missing character: There is no 7 ("37) in font nullfont!
Missing character: There is no 5 ("35) in font nullfont!
Missing character: There is no 2 ("32) in font nullfont!
Missing character: There is no 0 ("30) in font nullfont!
Missing character: There is no 3 ("33) in font nullfont!
Missing character: There is no 1 ("31) in font nullfont!
Missing character: There is no 4 ("34) in font nullfont!
Missing character: There is no § ("A7) in font nullfont!
Missing character: There is no 1 ("31) in font nullfont!
Missing character: There is no 6 ("36) in font nullfont!
Missing character: There is no 9 ("39) in font nullfont!
Missing character: There is no H ("48) in font nullfont!
Missing character: There is no K ("4B) in font nullfont!
Missing character: There is no . ("2E) in font nullfont!
Missing character: There is no 3 ("33) in font nullfont!
Missing character: There is no 3 ("33) in font nullfont!
Missing character: There is no 3 ("33) in font nullfont!
Missing character: There is no 3 ("33) in font nullfont!
Missing character: There is no 2 ("32) in font nullfont!
Missing character: There is no 0 ("30) in font nullfont!
Missing character: There is no 3 ("33) in font nullfont!
Missing character: There is no 6 ("36) in font nullfont!
Missing character: There is no 5 ("35) in font nullfont!
Missing character: There is no § ("A7) in font nullfont!
Missing character: There is no 2 ("32) in font nullfont!
Missing character: There is no 7 ("37) in font nullfont!
Missing character: There is no 2 ("32) in font nullfont!
Missing character: There is no 1 ("31) in font nullfont!
Missing character: There is no 3 ("33) in font nullfont!
Missing character: There is no 4 ("34) in font nullfont!
Missing character: There is no 2 ("32) in font nullfont!
Missing character: There is no 0 ("30) in font nullfont!
Missing character: There is no 3 ("33) in font nullfont!
Missing character: There is no 1 ("31) in font nullfont!
Missing character: There is no 6 ("36) in font nullfont!
Missing character: There is no § ("A7) in font nullfont!
Missing character: There is no 1 ("31) in font nullfont!
Missing character: There is no 6 ("36) in font nullfont!
Missing character: There is no 4 ("34) in font nullfont!
Missing character: There is no 2 ("32) in font nullfont!
Missing character: There is no 0 ("30) in font nullfont!
Missing character: There is no 3 ("33) in font nullfont!
Missing character: There is no 6 ("36) in font nullfont!
Missing character: There is no 7 ("37) in font nullfont!
Missing character: There is no § ("A7) in font nullfont!
Missing character: There is no 1 ("31) in font nullfont!
Missing character: There is no 6 ("36) in font nullfont!
Missing character: There is no 1 ("31) in font nullfont!
Missing character: There is no / ("2F) in font nullfont!
Missing character: There is no ⚠ ("26A0) in font nullfont!
Missing character: There is no ️ (U+FE0F) in font Noto Sans CJK SC/OT:script=ha
ni;language=ZHS;!
Missing character: There is no 2 ("32) in font nullfont!
Missing character: There is no 0 ("30) in font nullfont!
Missing character: There is no 2 ("32) in font nullfont!
Missing character: There is no 6 ("36) in font nullfont!
Missing character: There is no 8 ("38) in font nullfont!
Missing character: There is no § ("A7) in font nullfont!
Missing character: There is no 2 ("32) in font nullfont!
Missing character: There is no 2 ("32) in font nullfont!
Missing character: There is no 9 ("39) in font nullfont!
Missing character: There is no ⚠ ("26A0) in font nullfont!
Missing character: There is no ️ (U+FE0F) in font Noto Sans CJK SC/OT:script=ha
ni;language=ZHS;!
Missing character: There is no 2 ("32) in font nullfont!
Missing character: There is no 0 ("30) in font nullfont!
Missing character: There is no 2 ("32) in font nullfont!
Missing character: There is no 6 ("36) in font nullfont!
Missing character: There is no 9 ("39) in font nullfont!
Missing character: There is no § ("A7) in font nullfont!
Missing character: There is no 2 ("32) in font nullfont!
Missing character: There is no 7 ("37) in font nullfont!
Missing character: There is no 6 ("36) in font nullfont!
Missing character: There is no 2 ("32) in font nullfont!
Missing character: There is no 0 ("30) in font nullfont!
Missing character: There is no 3 ("33) in font nullfont!
Missing character: There is no 1 ("31) in font nullfont!
Missing character: There is no 1 ("31) in font nullfont!
Missing character: There is no 0 ("30) in font nullfont!
Missing character: There is no § ("A7) in font nullfont!
Missing character: There is no 1 ("31) in font nullfont!
Missing character: There is no 8 ("38) in font nullfont!
Missing character: There is no 2 ("32) in font nullfont!
Missing character: There is no / ("2F) in font nullfont!
Missing character: There is no 2 ("32) in font nullfont!
Missing character: There is no 0 ("30) in font nullfont!
Missing character: There is no 3 ("33) in font nullfont!
Missing character: There is no 6 ("36) in font nullfont!
Missing character: There is no 1 ("31) in font nullfont!
Missing character: There is no 1 ("31) in font nullfont!
Missing character: There is no § ("A7) in font nullfont!
Missing character: There is no 1 ("31) in font nullfont!
Missing character: There is no 6 ("36) in font nullfont!
Missing character: There is no 8 ("38) in font nullfont!
Missing character: There is no - ("2D) in font nullfont!
Missing character: There is no 2 ("32) in font nullfont!
Missing character: There is no 0 ("30) in font nullfont!
Missing character: There is no 3 ("33) in font nullfont!
Missing character: There is no 6 ("36) in font nullfont!
Missing character: There is no 1 ("31) in font nullfont!
Missing character: There is no 2 ("32) in font nullfont!
Missing character: There is no § ("A7) in font nullfont!
Missing character: There is no 2 ("32) in font nullfont!
Missing character: There is no 8 ("38) in font nullfont!
Missing character: There is no 6 ("36) in font nullfont!
Missing character: There is no 2 ("32) in font nullfont!
Missing character: There is no 0 ("30) in font nullfont!
Missing character: There is no 3 ("33) in font nullfont!
Missing character: There is no 1 ("31) in font nullfont!
Missing character: There is no 2 ("32) in font nullfont!
Missing character: There is no 0 ("30) in font nullfont!
Missing character: There is no 2 ("32) in font nullfont!
Missing character: There is no 6 ("36) in font nullfont!
Missing character: There is no 8 ("38) in font nullfont!
Missing character: There is no 6 ("36) in font nullfont!

Package fancyhdr Warning: \headheight is too small (12.0pt): 
(fancyhdr)                Make it at least 12.4pt, for example:
(fancyhdr)                \setlength{\headheight}{12.4pt}.
(fancyhdr)                You might also make \topmargin smaller to compensate:

(fancyhdr)                \addtolength{\topmargin}{-0.4pt}.

! Undefined control sequence.
\f@nch@ocf ...11pt}\selectfont 机密\quad 第\thepage页 
                                                  \strut 
l.107 ...理义务 & 2031年 \\    \midrule\end{longtable}
                                                  \subsubsection{（一）洗钱罪（刑法第1...
The control sequence at the end of the top line
of your error message was never \def'ed. If you have
misspelled it (e.g., `\hobx'), type `I' and the correct
spelling (e.g., `I\hbox'). Otherwise just continue,
and I'll forget about whatever was undefined.

[6]
Missing character: There is no 2 ("32) in font nullfont!
Missing character: There is no . ("2E) in font nullfont!
Missing character: There is no 1 ("31) in font nullfont!
Missing character: There is no . ("2E) in font nullfont!
Missing character: There is no 1 ("31) in font nullfont!
Missing character: There is no 1 ("31) in font nullfont!
Missing character: There is no 9 ("39) in font nullfont!
Missing character: There is no 1 ("31) in font nullfont!
Missing character: There is no B ("42) in font nullfont!
Missing character: There is no V ("56) in font nullfont!
Missing character: There is no I ("49) in font nullfont!
Missing character: There is no 2 ("32) in font nullfont!
Missing character: There is no 3 ("33) in font nullfont!
Missing character: There is no 1 ("31) in font nullfont!
Missing character: There is no 9 ("39) in font nullfont!
Missing character: There is no 1 ("31) in font nullfont!
Missing character: There is no 1 ("31) in font nullfont!
Missing character: There is no " ("22) in font nullfont!
Missing character: There is no " ("22) in font nullfont!
Missing character: There is no 1 ("31) in font nullfont!
Missing character: There is no 5 ("35) in font nullfont!
Missing character: There is no / ("2F) in font nullfont!
Missing character: There is no 1 ("31) in font nullfont!
Missing character: There is no 5 ("35) in font nullfont!
Missing character: There is no 2 ("32) in font nullfont!
Missing character: There is no 0 ("30) in font nullfont!
Missing character: There is no 2 ("32) in font nullfont!
Missing character: There is no 1 ("31) in font nullfont!
Missing character: There is no 2 ("32) in font nullfont!
Missing character: There is no 0 ("30) in font nullfont!
Missing character: There is no 3 ("33) in font nullfont!
Missing character: There is no 6 ("36) in font nullfont!
Missing character: There is no B ("42) in font nullfont!
Missing character: There is no V ("56) in font nullfont!
Missing character: There is no I ("49) in font nullfont!
Missing character: There is no 2 ("32) in font nullfont!
Missing character: There is no 0 ("30) in font nullfont!
Missing character: There is no 2 ("32) in font nullfont!
Missing character: There is no 6 ("36) in font nullfont!
Missing character: There is no 8 ("38) in font nullfont!
Missing character: There is no 7 ("37) in font nullfont!

Package fancyhdr Warning: \headheight is too small (12.0pt): 
(fancyhdr)                Make it at least 12.4pt, for example:
(fancyhdr)                \setlength{\headheight}{12.4pt}.
(fancyhdr)                You might also make \topmargin smaller to compensate:

(fancyhdr)                \addtolength{\topmargin}{-0.4pt}.

! Undefined control sequence.
\f@nch@ocf ...11pt}\selectfont 机密\quad 第\thepage页 
                                                  \strut 
l.113 
      
The control sequence at the end of the top line
of your error message was never \def'ed. If you have
misspelled it (e.g., `\hobx'), type `I' and the correct
spelling (e.g., `I\hbox'). Otherwise just continue,
and I'll forget about whatever was undefined.

[7]
Missing character: There is no 2 ("32) in font nullfont!
Missing character: There is no . ("2E) in font nullfont!
Missing character: There is no 1 ("31) in font nullfont!
Missing character: There is no . ("2E) in font nullfont!
Missing character: There is no 2 ("32) in font nullfont!
Missing character: There is no 2 ("32) in font nullfont!
Missing character: There is no 0 ("30) in font nullfont!
Missing character: There is no 1 ("31) in font nullfont!
Missing character: There is no " ("22) in font nullfont!
Missing character: There is no " ("22) in font nullfont!
Missing character: There is no 4 ("34) in font nullfont!
Missing character: There is no 5 ("35) in font nullfont!
Missing character: There is no % ("25) in font nullfont!
Missing character: There is no 2 ("32) in font nullfont!
Missing character: There is no 0 ("30) in font nullfont!
Missing character: There is no 1 ("31) in font nullfont!
Missing character: There is no 4 ("34) in font nullfont!
Missing character: There is no " ("22) in font nullfont!
Missing character: There is no " ("22) in font nullfont!
Missing character: There is no 1 ("31) in font nullfont!
Missing character: There is no 5 ("35) in font nullfont!
Missing character: There is no 2 ("32) in font nullfont!
Missing character: There is no 0 ("30) in font nullfont!
Missing character: There is no 2 ("32) in font nullfont!
Missing character: There is no 1 ("31) in font nullfont!
Missing character: There is no 2 ("32) in font nullfont!
Missing character: There is no 0 ("30) in font nullfont!
Missing character: There is no 3 ("33) in font nullfont!
Missing character: There is no 6 ("36) in font nullfont!
Missing character: There is no 2 ("32) in font nullfont!
Missing character: There is no . ("2E) in font nullfont!
Missing character: There is no 1 ("31) in font nullfont!
Missing character: There is no . ("2E) in font nullfont!
Missing character: There is no 3 ("33) in font nullfont!
Missing character: There is no 1 ("31) in font nullfont!
Missing character: There is no 7 ("37) in font nullfont!
Missing character: There is no 5 ("35) in font nullfont!
Missing character: There is no 3 ("33) in font nullfont!
Missing character: There is no 5 ("35) in font nullfont!
Missing character: There is no 3 ("33) in font nullfont!
Missing character: There is no - ("2D) in font nullfont!
Missing character: There is no 7 ("37) in font nullfont!
Missing character: There is no 1 ("31) in font nullfont!
Missing character: There is no 0 ("30) in font nullfont!
Missing character: There is no 2 ("32) in font nullfont!
Missing character: There is no 0 ("30) in font nullfont!
Missing character: There is no 2 ("32) in font nullfont!
Missing character: There is no 1 ("31) in font nullfont!
Missing character: There is no 2 ("32) in font nullfont!
Missing character: There is no . ("2E) in font nullfont!
Missing character: There is no 1 ("31) in font nullfont!
Missing character: There is no . ("2E) in font nullfont!
Missing character: There is no 4 ("34) in font nullfont!
Missing character: There is no 1 ("31) in font nullfont!
Missing character: There is no 6 ("36) in font nullfont!
Missing character: There is no 9 ("39) in font nullfont!
Missing character: There is no H ("48) in font nullfont!
Missing character: There is no K ("4B) in font nullfont!
Missing character: There is no . ("2E) in font nullfont!
Missing character: There is no 3 ("33) in font nullfont!
Missing character: There is no 3 ("33) in font nullfont!
Missing character: There is no 3 ("33) in font nullfont!
Missing character: There is no 3 ("33) in font nullfont!
Missing character: There is no 9 ("39) in font nullfont!
Missing character: There is no 7 ("37) in font nullfont!
Missing character: There is no % ("25) in font nullfont!
Missing character: There is no 2 ("32) in font nullfont!
Missing character: There is no 0 ("30) in font nullfont!
Missing character: There is no 2 ("32) in font nullfont!
Missing character: There is no 1 ("31) in font nullfont!
Missing character: There is no 1 ("31) in font nullfont!
Missing character: There is no 6 ("36) in font nullfont!
Missing character: There is no 9 ("39) in font nullfont!
Missing character: There is no 6 ("36) in font nullfont!
Missing character: There is no 0 ("30) in font nullfont!
Missing character: There is no % ("25) in font nullfont!
Missing character: There is no 1 ("31) in font nullfont!
Missing character: There is no 6 ("36) in font nullfont!
Missing character: There is no 9 ("39) in font nullfont!
Missing character: There is no 2 ("32) in font nullfont!
Missing character: There is no . ("2E) in font nullfont!
Missing character: There is no 1 ("31) in font nullfont!
Missing character: There is no . ("2E) in font nullfont!
Missing character: There is no 5 ("35) in font nullfont!
Missing character: There is no 2 ("32) in font nullfont!
Missing character: There is no 7 ("37) in font nullfont!
Missing character: There is no 2 ("32) in font nullfont!
Missing character: There is no 1 ("31) in font nullfont!
Missing character: There is no 3 ("33) in font nullfont!
Missing character: There is no 4 ("34) in font nullfont!
Missing character: There is no 2 ("32) in font nullfont!
Missing character: There is no 0 ("30) in font nullfont!
Missing character: There is no 2 ("32) in font nullfont!
Missing character: There is no 1 ("31) in font nullfont!
Missing character: There is no " ("22) in font nullfont!
Missing character: There is no " ("22) in font nullfont!
Missing character: There is no " ("22) in font nullfont!
Missing character: There is no " ("22) in font nullfont!
Missing character: There is no 3 ("33) in font nullfont!
Missing character: There is no 5 ("35) in font nullfont!
Missing character: There is no 3 ("33) in font nullfont!
Missing character: There is no - ("2D) in font nullfont!
Missing character: There is no 7 ("37) in font nullfont!
Missing character: There is no 1 ("31) in font nullfont!
Missing character: There is no 0 ("30) in font nullfont!
Missing character: There is no 2 ("32) in font nullfont!
Missing character: There is no 0 ("30) in font nullfont!
Missing character: There is no 2 ("32) in font nullfont!
Missing character: There is no 1 ("31) in font nullfont!
Missing character: There is no 2 ("32) in font nullfont!
Missing character: There is no . ("2E) in font nullfont!
Missing character: There is no 1 ("31) in font nullfont!
Missing character: There is no . ("2E) in font nullfont!
Missing character: There is no 6 ("36) in font nullfont!
Missing character: There is no 1 ("31) in font nullfont!
Missing character: There is no 6 ("36) in font nullfont!
Missing character: There is no 4 ("34) in font nullfont!
Missing character: There is no 1 ("31) in font nullfont!
Missing character: There is no 6 ("36) in font nullfont!
Missing character: There is no 4 ("34) in font nullfont!
Missing character: There is no 1 ("31) in font nullfont!
Missing character: There is no 6 ("36) in font nullfont!
Missing character: There is no 3 ("33) in font nullfont!
Missing character: There is no 2 ("32) in font nullfont!
Missing character: There is no . ("2E) in font nullfont!
Missing character: There is no 1 ("31) in font nullfont!
Missing character: There is no . ("2E) in font nullfont!
Missing character: There is no 7 ("37) in font nullfont!
Missing character: There is no 1 ("31) in font nullfont!
Missing character: There is no 6 ("36) in font nullfont!
Missing character: There is no 1 ("31) in font nullfont!
Missing character: There is no 1 ("31) in font nullfont!
Missing character: There is no 2 ("32) in font nullfont!
Missing character: There is no " ("22) in font nullfont!
Missing character: There is no " ("22) in font nullfont!
Missing character: There is no 2 ("32) in font nullfont!
Missing character: There is no 0 ("30) in font nullfont!
Missing character: There is no 2 ("32) in font nullfont!
Missing character: There is no 1 ("31) in font nullfont!
Missing character: There is no 1 ("31) in font nullfont!
Missing character: There is no 6 ("36) in font nullfont!
Missing character: There is no 1 ("31) in font nullfont!
Missing character: There is no 2 ("32) in font nullfont!
Missing character: There is no 0 ("30) in font nullfont!
Missing character: There is no 2 ("32) in font nullfont!
Missing character: There is no 6 ("36) in font nullfont!
Missing character: There is no 8 ("38) in font nullfont!
Missing character: There is no 8 ("38) in font nullfont!

Package fancyhdr Warning: \headheight is too small (12.0pt): 
(fancyhdr)                Make it at least 12.4pt, for example:
(fancyhdr)                \setlength{\headheight}{12.4pt}.
(fancyhdr)                You might also make \topmargin smaller to compensate:

(fancyhdr)                \addtolength{\topmargin}{-0.4pt}.

! Undefined control sequence.
\f@nch@ocf ...11pt}\selectfont 机密\quad 第\thepage页 
                                                  \strut 
l.141 
      
The control sequence at the end of the top line
of your error message was never \def'ed. If you have
misspelled it (e.g., `\hobx'), type `I' and the correct
spelling (e.g., `I\hbox'). Otherwise just continue,
and I'll forget about whatever was undefined.

[8]
Missing character: There is no ⚠ ("26A0) in font nullfont!
Missing character: There is no ️ (U+FE0F) in font Noto Sans CJK SC/OT:script=ha
ni;language=ZHS;!
Missing character: There is no 3 ("33) in font nullfont!
Missing character: There is no 5 ("35) in font nullfont!
Missing character: There is no 2 ("32) in font nullfont!
Missing character: There is no 0 ("30) in font nullfont!
Missing character: There is no 2 ("32) in font nullfont!
Missing character: There is no 1 ("31) in font nullfont!
Missing character: There is no 2 ("32) in font nullfont!
Missing character: There is no 0 ("30) in font nullfont!
Missing character: There is no 2 ("32) in font nullfont!
Missing character: There is no 6 ("36) in font nullfont!
Missing character: There is no 2 ("32) in font nullfont!
Missing character: There is no . ("2E) in font nullfont!
Missing character: There is no 1 ("31) in font nullfont!
Missing character: There is no . ("2E) in font nullfont!
Missing character: There is no 8 ("38) in font nullfont!
Missing character: There is no 2 ("32) in font nullfont!
Missing character: There is no 2 ("32) in font nullfont!
Missing character: There is no 9 ("39) in font nullfont!
Missing character: There is no 2 ("32) in font nullfont!
Missing character: There is no 0 ("30) in font nullfont!
Missing character: There is no 1 ("31) in font nullfont!
Missing character: There is no 8 ("38) in font nullfont!
Missing character: There is no - ("2D) in font nullfont!
Missing character: There is no 2 ("32) in font nullfont!
Missing character: There is no 0 ("30) in font nullfont!
Missing character: There is no 2 ("32) in font nullfont!
Missing character: There is no 1 ("31) in font nullfont!
Missing character: There is no " ("22) in font nullfont!
Missing character: There is no " ("22) in font nullfont!
Missing character: There is no F ("46) in font nullfont!
Missing character: There is no R ("52) in font nullfont!
Missing character: There is no C ("43) in font nullfont!
Missing character: There is no 2 ("32) in font nullfont!
Missing character: There is no 0 ("30) in font nullfont!
Missing character: There is no 2 ("32) in font nullfont!
Missing character: There is no 3 ("33) in font nullfont!
Missing character: There is no ⚠ ("26A0) in font nullfont!
Missing character: There is no ️ (U+FE0F) in font Noto Sans CJK SC/OT:script=ha
ni;language=ZHS;!
Missing character: There is no 3 ("33) in font nullfont!
Missing character: There is no 5 ("35) in font nullfont!
Missing character: There is no 2 ("32) in font nullfont!
Missing character: There is no 0 ("30) in font nullfont!
Missing character: There is no 2 ("32) in font nullfont!
Missing character: There is no 1 ("31) in font nullfont!
Missing character: There is no 2 ("32) in font nullfont!
Missing character: There is no 0 ("30) in font nullfont!
Missing character: There is no 2 ("32) in font nullfont!
Missing character: There is no 6 ("36) in font nullfont!
Missing character: There is no 2 ("32) in font nullfont!
Missing character: There is no . ("2E) in font nullfont!
Missing character: There is no 1 ("31) in font nullfont!
Missing character: There is no . ("2E) in font nullfont!
Missing character: There is no 9 ("39) in font nullfont!
Missing character: There is no 2 ("32) in font nullfont!
Missing character: There is no 7 ("37) in font nullfont!
Missing character: There is no 6 ("36) in font nullfont!
Missing character: There is no 2 ("32) in font nullfont!
Missing character: There is no . ("2E) in font nullfont!
Missing character: There is no 1 ("31) in font nullfont!
Missing character: There is no . ("2E) in font nullfont!
Missing character: There is no 1 ("31) in font nullfont!
Missing character: There is no 0 ("30) in font nullfont!
Missing character: There is no 1 ("31) in font nullfont!
Missing character: There is no 8 ("38) in font nullfont!
Missing character: There is no 2 ("32) in font nullfont!
Missing character: There is no 0 ("30) in font nullfont!
Missing character: There is no 7 ("37) in font nullfont!
Missing character: There is no 3 ("33) in font nullfont!
Missing character: There is no 4 ("34) in font nullfont!
Missing character: There is no 6 ("36) in font nullfont!
Missing character: There is no . ("2E) in font nullfont!
Missing character: There is no H ("48) in font nullfont!
Missing character: There is no K ("4B) in font nullfont!
Missing character: There is no 0 ("30) in font nullfont!
Missing character: There is no 7 ("37) in font nullfont!
Missing character: There is no 0 ("30) in font nullfont!
Missing character: There is no 8 ("38) in font nullfont!
Missing character: There is no . ("2E) in font nullfont!
Missing character: There is no H ("48) in font nullfont!
Missing character: There is no K ("4B) in font nullfont!
Missing character: There is no I ("49) in font nullfont!
Missing character: There is no P ("50) in font nullfont!
Missing character: There is no O ("4F) in font nullfont!
Missing character: There is no S ("53) in font nullfont!
Missing character: There is no F ("46) in font nullfont!
Missing character: There is no C ("43) in font nullfont!
Missing character: There is no " ("22) in font nullfont!
Missing character: There is no " ("22) in font nullfont!
Missing character: There is no " ("22) in font nullfont!
Missing character: There is no " ("22) in font nullfont!
Missing character: There is no 2 ("32) in font nullfont!
Missing character: There is no . ("2E) in font nullfont!
Missing character: There is no 1 ("31) in font nullfont!
Missing character: There is no . ("2E) in font nullfont!
Missing character: There is no 1 ("31) in font nullfont!
Missing character: There is no 1 ("31) in font nullfont!
Missing character: There is no 1 ("31) in font nullfont!
Missing character: There is no 6 ("36) in font nullfont!
Missing character: There is no 8 ("38) in font nullfont!
Missing character: There is no - ("2D) in font nullfont!
Missing character: There is no 2 ("32) in font nullfont!
Missing character: There is no . ("2E) in font nullfont!
Missing character: There is no 1 ("31) in font nullfont!
Missing character: There is no . ("2E) in font nullfont!
Missing character: There is no 1 ("31) in font nullfont!
Missing character: There is no 2 ("32) in font nullfont!
Missing character: There is no 2 ("32) in font nullfont!
Missing character: There is no 8 ("38) in font nullfont!
Missing character: There is no 6 ("36) in font nullfont!
Missing character: There is no 2 ("32) in font nullfont!
Missing character: There is no . ("2E) in font nullfont!
Missing character: There is no 2 ("32) in font nullfont!
Missing character: There is no 5 ("35) in font nullfont!
Missing character: There is no 2 ("32) in font nullfont!
Missing character: There is no . ("2E) in font nullfont!
Missing character: There is no 2 ("32) in font nullfont!
Missing character: There is no . ("2E) in font nullfont!
Missing character: There is no 1 ("31) in font nullfont!
Missing character: There is no 3 ("33) in font nullfont!
Missing character: There is no , ("2C) in font nullfont!
Missing character: There is no 0 ("30) in font nullfont!
Missing character: There is no 0 ("30) in font nullfont!
Missing character: There is no 0 ("30) in font nullfont!
Missing character: There is no + ("2B) in font nullfont!
Missing character: There is no 2 ("32) in font nullfont!
Missing character: There is no , ("2C) in font nullfont!
Missing character: There is no 0 ("30) in font nullfont!
Missing character: There is no 0 ("30) in font nullfont!
Missing character: There is no 0 ("30) in font nullfont!
Missing character: There is no 8 ("38) in font nullfont!
Missing character: There is no 8 ("38) in font nullfont!
Missing character: There is no . ("2E) in font nullfont!
Missing character: There is no 2 ("32) in font nullfont!
Missing character: There is no < ("3C) in font nullfont!
Missing character: There is no 2 ("32) in font nullfont!
Missing character: There is no % ("25) in font nullfont!
Missing character: There is no 7 ("37) in font nullfont!
Missing character: There is no 0 ("30) in font nullfont!
Missing character: There is no < ("3C) in font nullfont!
Missing character: There is no 2 ("32) in font nullfont!
Missing character: There is no % ("25) in font nullfont!
Missing character: There is no 1 ("31) in font nullfont!
Missing character: There is no 0 ("30) in font nullfont!
Missing character: There is no 0 ("30) in font nullfont!
Missing character: There is no % ("25) in font nullfont!
Missing character: There is no 5 ("35) in font nullfont!
Missing character: There is no , ("2C) in font nullfont!
Missing character: There is no 0 ("30) in font nullfont!
Missing character: There is no 0 ("30) in font nullfont!
Missing character: There is no 0 ("30) in font nullfont!
Missing character: There is no + ("2B) in font nullfont!
Missing character: There is no 1 ("31) in font nullfont!
Missing character: There is no 5 ("35) in font nullfont!
Missing character: There is no 8 ("38) in font nullfont!
Missing character: There is no . ("2E) in font nullfont!
Missing character: There is no 2 ("32) in font nullfont!
Missing character: There is no 3 ("33) in font nullfont!
Missing character: There is no . ("2E) in font nullfont!
Missing character: There is no 2 ("32) in font nullfont!
Missing character: There is no % ("25) in font nullfont!
Missing character: There is no T ("54) in font nullfont!
Missing character: There is no a ("61) in font nullfont!
Missing character: There is no b ("62) in font nullfont!
Missing character: There is no l ("6C) in font nullfont!
Missing character: There is no e ("65) in font nullfont!
Missing character: There is no 2 ("32) in font nullfont!
Missing character: There is no T ("54) in font nullfont!
Missing character: There is no a ("61) in font nullfont!
Missing character: There is no b ("62) in font nullfont!
Missing character: There is no l ("6C) in font nullfont!
Missing character: There is no e ("65) in font nullfont!
Missing character: There is no 2 ("32) in font nullfont!
Missing character: There is no T ("54) in font nullfont!
Missing character: There is no a ("61) in font nullfont!
Missing character: There is no b ("62) in font nullfont!
Missing character: There is no l ("6C) in font nullfont!
Missing character: There is no e ("65) in font nullfont!
Missing character: There is no 2 ("32) in font nullfont!
Missing character: There is no T ("54) in font nullfont!
Missing character: There is no a ("61) in font nullfont!
Missing character: There is no b ("62) in font nullfont!
Missing character: There is no l ("6C) in font nullfont!
Missing character: There is no e ("65) in font nullfont!
Missing character: There is no 2 ("32) in font nullfont!
Missing character: There is no 5 ("35) in font nullfont!
Missing character: There is no 2 ("32) in font nullfont!
Missing character: There is no 1 ("31) in font nullfont!
Missing character: There is no 5 ("35) in font nullfont!
Missing character: There is no 8 ("38) in font nullfont!
Missing character: There is no . ("2E) in font nullfont!
Missing character: There is no 2 ("32) in font nullfont!
Missing character: There is no 5 ("35) in font nullfont!
Missing character: There is no , ("2C) in font nullfont!
Missing character: There is no 0 ("30) in font nullfont!
Missing character: There is no 0 ("30) in font nullfont!
Missing character: There is no 0 ("30) in font nullfont!
Missing character: There is no + ("2B) in font nullfont!
Missing character: There is no 3 ("33) in font nullfont!
Missing character: There is no . ("2E) in font nullfont!
Missing character: There is no 2 ("32) in font nullfont!
Missing character: There is no % ("25) in font nullfont!
Missing character: There is no 1 ("31) in font nullfont!
Missing character: There is no 0 ("30) in font nullfont!
Missing character: There is no % ("25) in font nullfont!
Missing character: There is no 2 ("32) in font nullfont!
Missing character: There is no 0 ("30) in font nullfont!
Missing character: There is no 2 ("32) in font nullfont!
Missing character: There is no 6 ("36) in font nullfont!
Missing character: There is no 8 ("38) in font nullfont!
Missing character: There is no 9 ("39) in font nullfont!

Package fancyhdr Warning: \headheight is too small (12.0pt): 
(fancyhdr)                Make it at least 12.4pt, for example:
(fancyhdr)                \setlength{\headheight}{12.4pt}.
(fancyhdr)                You might also make \topmargin smaller to compensate:

(fancyhdr)                \addtolength{\topmargin}{-0.4pt}.

! Undefined control sequence.
\f@nch@ocf ...11pt}\selectfont 机密\quad 第\thepage页 
                                                  \strut 
l.182 \subsubsection{（二）无期徒刑是否配套"终身监禁"}
                                       
The control sequence at the end of the top line
of your error message was never \def'ed. If you have
misspelled it (e.g., `\hobx'), type `I' and the correct
spelling (e.g., `I\hbox'). Otherwise just continue,
and I'll forget about whatever was undefined.

[9]
Missing character: There is no 2 ("32) in font nullfont!
Missing character: There is no . ("2E) in font nullfont!
Missing character: There is no 2 ("32) in font nullfont!
Missing character: There is no . ("2E) in font nullfont!
Missing character: There is no 2 ("32) in font nullfont!
Missing character: There is no " ("22) in font nullfont!
Missing character: There is no " ("22) in font nullfont!
Missing character: There is no 7 ("37) in font nullfont!
Missing character: There is no 8 ("38) in font nullfont!
Missing character: There is no 8 ("38) in font nullfont!
Missing character: There is no 1 ("31) in font nullfont!
Missing character: There is no 2 ("32) in font nullfont!
Missing character: There is no . ("2E) in font nullfont!
Missing character: There is no 2 ("32) in font nullfont!
Missing character: There is no . ("2E) in font nullfont!
Missing character: There is no 3 ("33) in font nullfont!
Missing character: There is no " ("22) in font nullfont!
Missing character: There is no " ("22) in font nullfont!
Missing character: There is no 2 ("32) in font nullfont!
Missing character: There is no . ("2E) in font nullfont!
Missing character: There is no 4 ("34) in font nullfont!
Missing character: There is no 1 ("31) in font nullfont!
Missing character: There is no . ("2E) in font nullfont!
Missing character: There is no 7 ("37) in font nullfont!
Missing character: There is no " ("22) in font nullfont!
Missing character: There is no " ("22) in font nullfont!
Missing character: There is no 2 ("32) in font nullfont!
Missing character: There is no . ("2E) in font nullfont!
Missing character: There is no 2 ("32) in font nullfont!
Missing character: There is no . ("2E) in font nullfont!
Missing character: There is no 4 ("34) in font nullfont!
Missing character: There is no 2 ("32) in font nullfont!
Missing character: There is no 0 ("30) in font nullfont!
Missing character: There is no 1 ("31) in font nullfont!
Missing character: There is no 6 ("36) in font nullfont!
Missing character: There is no - ("2D) in font nullfont!
Missing character: There is no 2 ("32) in font nullfont!
Missing character: There is no 0 ("30) in font nullfont!
Missing character: There is no 2 ("32) in font nullfont!
Missing character: There is no 1 ("31) in font nullfont!
Missing character: There is no 2 ("32) in font nullfont!
Missing character: There is no . ("2E) in font nullfont!
Missing character: There is no 2 ("32) in font nullfont!
Missing character: There is no . ("2E) in font nullfont!
Missing character: There is no 5 ("35) in font nullfont!
Missing character: There is no 6 ("36) in font nullfont!
Missing character: There is no 0 ("30) in font nullfont!
Missing character: There is no % ("25) in font nullfont!
Missing character: There is no " ("22) in font nullfont!
Missing character: There is no " ("22) in font nullfont!
Missing character: There is no 8 ("38) in font nullfont!
Missing character: There is no 8 ("38) in font nullfont!
Missing character: There is no . ("2E) in font nullfont!
Missing character: There is no 2 ("32) in font nullfont!
Missing character: There is no + ("2B) in font nullfont!
Missing character: There is no 7 ("37) in font nullfont!
Missing character: There is no 0 ("30) in font nullfont!
Missing character: There is no = ("3D) in font nullfont!
Missing character: There is no 1 ("31) in font nullfont!
Missing character: There is no 5 ("35) in font nullfont!
Missing character: There is no 8 ("38) in font nullfont!
Missing character: There is no . ("2E) in font nullfont!
Missing character: There is no 2 ("32) in font nullfont!
Missing character: There is no " ("22) in font nullfont!
Missing character: There is no " ("22) in font nullfont!
Missing character: There is no 3 ("33) in font nullfont!
Missing character: There is no 5 ("35) in font nullfont!
Missing character: There is no 3 ("33) in font nullfont!
Missing character: There is no . ("2E) in font nullfont!
Missing character: There is no 1 ("31) in font nullfont!
Missing character: There is no T ("54) in font nullfont!
Missing character: There is no a ("61) in font nullfont!
Missing character: There is no b ("62) in font nullfont!
Missing character: There is no l ("6C) in font nullfont!
Missing character: There is no e ("65) in font nullfont!
Missing character: There is no 3 ("33) in font nullfont!
Missing character: There is no T ("54) in font nullfont!
Missing character: There is no a ("61) in font nullfont!
Missing character: There is no b ("62) in font nullfont!
Missing character: There is no l ("6C) in font nullfont!
Missing character: There is no e ("65) in font nullfont!
Missing character: There is no 3 ("33) in font nullfont!
Missing character: There is no T ("54) in font nullfont!
Missing character: There is no a ("61) in font nullfont!
Missing character: There is no b ("62) in font nullfont!
Missing character: There is no l ("6C) in font nullfont!
Missing character: There is no e ("65) in font nullfont!
Missing character: There is no 3 ("33) in font nullfont!
Missing character: There is no T ("54) in font nullfont!
Missing character: There is no a ("61) in font nullfont!
Missing character: There is no b ("62) in font nullfont!
Missing character: There is no l ("6C) in font nullfont!
Missing character: There is no e ("65) in font nullfont!
Missing character: There is no 3 ("33) in font nullfont!

Underfull \hbox (badness 3354) in paragraph at lines 198--198
[]|\TU/NotoSansCJKSC(0)/m/n/10.95 独 立 追
 []


Underfull \hbox (badness 3354) in paragraph at lines 202--202
[]|\TU/NotoSansCJKSC(0)/m/n/10.95 独 立 追
 []


Underfull \hbox (badness 3354) in paragraph at lines 207--207
[]|\TU/NotoSansCJKSC(0)/m/n/10.95 独 立 单
 []

Missing character: There is no § ("A7) in font nullfont!
Missing character: There is no 1 ("31) in font nullfont!
Missing character: There is no 7 ("37) in font nullfont!
Missing character: There is no 6 ("36) in font nullfont!
Missing character: There is no 2 ("32) in font nullfont!
Missing character: There is no 0 ("30) in font nullfont!
Missing character: There is no 3 ("33) in font nullfont!
Missing character: There is no 4 ("34) in font nullfont!

Underfull \hbox (badness 3354) in paragraph at lines 208--208
[]|\TU/NotoSansCJKSC(0)/m/n/10.95 独 立 单
 []

Missing character: There is no § ("A7) in font nullfont!
Missing character: There is no 2 ("32) in font nullfont!
Missing character: There is no 7 ("37) in font nullfont!
Missing character: There is no 2 ("32) in font nullfont!
Missing character: There is no 1 ("31) in font nullfont!
Missing character: There is no 3 ("33) in font nullfont!
Missing character: There is no 4 ("34) in font nullfont!
Missing character: There is no 2 ("32) in font nullfont!
Missing character: There is no 0 ("30) in font nullfont!
Missing character: There is no 3 ("33) in font nullfont!
Missing character: There is no 1 ("31) in font nullfont!

Underfull \hbox (badness 3354) in paragraph at lines 209--209
[]|\TU/NotoSansCJKSC(0)/m/n/10.95 独 立 单
 []

Missing character: There is no § ("A7) in font nullfont!
Missing character: There is no 1 ("31) in font nullfont!
Missing character: There is no 8 ("38) in font nullfont!
Missing character: There is no 5 ("35) in font nullfont!
Missing character: There is no 2 ("32) in font nullfont!
Missing character: There is no 0 ("30) in font nullfont!
Missing character: There is no 3 ("33) in font nullfont!
Missing character: There is no 6 ("36) in font nullfont!

Underfull \hbox (badness 3354) in paragraph at lines 210--210
[]|\TU/NotoSansCJKSC(0)/m/n/10.95 独 立 单
 []

Missing character: There is no § ("A7) in font nullfont!
Missing character: There is no 1 ("31) in font nullfont!
Missing character: There is no 6 ("36) in font nullfont!
Missing character: There is no 0 ("30) in font nullfont!
Missing character: There is no I ("49) in font nullfont!
Missing character: There is no P ("50) in font nullfont!
Missing character: There is no O ("4F) in font nullfont!
Missing character: There is no 2 ("32) in font nullfont!
Missing character: There is no 0 ("30) in font nullfont!
Missing character: There is no 3 ("33) in font nullfont!
Missing character: There is no 1 ("31) in font nullfont!

Underfull \hbox (badness 3354) in paragraph at lines 211--211
[]|\TU/NotoSansCJKSC(0)/m/n/10.95 独 立 单
 []

Missing character: There is no § ("A7) in font nullfont!
Missing character: There is no 2 ("32) in font nullfont!
Missing character: There is no 7 ("37) in font nullfont!
Missing character: There is no 1 ("31) in font nullfont!
Missing character: There is no / ("2F) in font nullfont!

Underfull \hbox (badness 3354) in paragraph at lines 211--212
[]|\TU/NotoSansCJKSC(0)/m/n/10.95 无 时 效
 []


Underfull \hbox (badness 3354) in paragraph at lines 213--214
[]|\TU/NotoSansCJKSC(0)/m/n/10.95 无 时 效
 []


Underfull \hbox (badness 3354) in paragraph at lines 214--215
[]|\TU/NotoSansCJKSC(0)/m/n/10.95 无 时 效
 []


Underfull \hbox (badness 2351) in paragraph at lines 215--215
\TU/NotoSansCJKSC(0)/m/n/10.95 财 富 总 经
 []

Missing character: There is no 2 ("32) in font nullfont!
Missing character: There is no 0 ("30) in font nullfont!
Missing character: There is no 3 ("33) in font nullfont!
Missing character: There is no 4 ("34) in font nullfont!

Underfull \hbox (badness 2351) in paragraph at lines 216--216
\TU/NotoSansCJKSC(0)/m/n/10.95 大 财 富 高
 []

Missing character: There is no 2 ("32) in font nullfont!
Missing character: There is no 0 ("30) in font nullfont!
Missing character: There is no 3 ("33) in font nullfont!
Missing character: There is no 4 ("34) in font nullfont!
Missing character: There is no § ("A7) in font nullfont!
Missing character: There is no 1 ("31) in font nullfont!
Missing character: There is no 9 ("39) in font nullfont!
Missing character: There is no 1 ("31) in font nullfont!
Missing character: There is no 2 ("32) in font nullfont!
Missing character: There is no 0 ("30) in font nullfont!
Missing character: There is no 3 ("33) in font nullfont!
Missing character: There is no 6 ("36) in font nullfont!
Missing character: There is no § ("A7) in font nullfont!
Missing character: There is no 3 ("33) in font nullfont!
Missing character: There is no 1 ("31) in font nullfont!
Missing character: There is no 2 ("32) in font nullfont!
Missing character: There is no 2 ("32) in font nullfont!
Missing character: There is no 0 ("30) in font nullfont!
Missing character: There is no 2 ("32) in font nullfont!
Missing character: There is no 8 ("38) in font nullfont!
Missing character: There is no 2 ("32) in font nullfont!
Missing character: There is no 0 ("30) in font nullfont!
Missing character: There is no 2 ("32) in font nullfont!
Missing character: There is no 6 ("36) in font nullfont!
Missing character: There is no 8 ("38) in font nullfont!
Missing character: There is no 1 ("31) in font nullfont!
Missing character: There is no 0 ("30) in font nullfont!

Package fancyhdr Warning: \headheight is too small (12.0pt): 
(fancyhdr)                Make it at least 12.4pt, for example:
(fancyhdr)                \setlength{\headheight}{12.4pt}.
(fancyhdr)                You might also make \topmargin smaller to compensate:

(fancyhdr)                \addtolength{\topmargin}{-0.4pt}.

! Undefined control sequence.
\f@nch@ocf ...11pt}\selectfont 机密\quad 第\thepage页 
                                                  \strut 
l.220 \end{longtable}
                     
The control sequence at the end of the top line
of your error message was never \def'ed. If you have
misspelled it (e.g., `\hobx'), type `I' and the correct
spelling (e.g., `I\hbox'). Otherwise just continue,
and I'll forget about whatever was undefined.

[10]
Missing character: There is no 3 ("33) in font nullfont!
Missing character: There is no . ("2E) in font nullfont!
Missing character: There is no 2 ("32) in font nullfont!

Underfull \hbox (badness 3354) in paragraph at lines 228--228
[]|\TU/NotoSansCJKSC(0)/m/n/10.95 追 诉 可
 []

Missing character: There is no P ("50) in font nullfont!
Missing character: There is no w ("77) in font nullfont!
Missing character: There is no C ("43) in font nullfont!
Missing character: There is no § ("A7) in font nullfont!
Missing character: There is no 2 ("32) in font nullfont!
Missing character: There is no 2 ("32) in font nullfont!
Missing character: There is no 9 ("39) in font nullfont!
Missing character: There is no § ("A7) in font nullfont!
Missing character: There is no 2 ("32) in font nullfont!
Missing character: There is no 2 ("32) in font nullfont!
Missing character: There is no 9 ("39) in font nullfont!
Missing character: There is no § ("A7) in font nullfont!
Missing character: There is no 1 ("31) in font nullfont!
Missing character: There is no 6 ("36) in font nullfont!
Missing character: There is no 0 ("30) in font nullfont!

Underfull \hbox (badness 2351) in paragraph at lines 233--233
[]|\TU/NotoSansCJKSC(0)/m/n/10.95 境 外 律 所
 []

Missing character: There is no § ("A7) in font nullfont!
Missing character: There is no 2 ("32) in font nullfont!
Missing character: There is no 2 ("32) in font nullfont!
Missing character: There is no 9 ("39) in font nullfont!
Missing character: There is no § ("A7) in font nullfont!
Missing character: There is no 2 ("32) in font nullfont!
Missing character: There is no 2 ("32) in font nullfont!
Missing character: There is no 9 ("39) in font nullfont!
Missing character: There is no § ("A7) in font nullfont!
Missing character: There is no 1 ("31) in font nullfont!
Missing character: There is no 6 ("36) in font nullfont!
Missing character: There is no 0 ("30) in font nullfont!
Missing character: There is no T ("54) in font nullfont!
Missing character: There is no a ("61) in font nullfont!
Missing character: There is no b ("62) in font nullfont!
Missing character: There is no l ("6C) in font nullfont!
Missing character: There is no e ("65) in font nullfont!
Missing character: There is no 4 ("34) in font nullfont!
Missing character: There is no T ("54) in font nullfont!
Missing character: There is no a ("61) in font nullfont!
Missing character: There is no b ("62) in font nullfont!
Missing character: There is no l ("6C) in font nullfont!
Missing character: There is no e ("65) in font nullfont!
Missing character: There is no 4 ("34) in font nullfont!
Missing character: There is no T ("54) in font nullfont!
Missing character: There is no a ("61) in font nullfont!
Missing character: There is no b ("62) in font nullfont!
Missing character: There is no l ("6C) in font nullfont!
Missing character: There is no e ("65) in font nullfont!
Missing character: There is no 4 ("34) in font nullfont!
Missing character: There is no T ("54) in font nullfont!
Missing character: There is no a ("61) in font nullfont!
Missing character: There is no b ("62) in font nullfont!
Missing character: There is no l ("6C) in font nullfont!
Missing character: There is no e ("65) in font nullfont!
Missing character: There is no 4 ("34) in font nullfont!
Missing character: There is no 2 ("32) in font nullfont!
Missing character: There is no 0 ("30) in font nullfont!
Missing character: There is no 2 ("32) in font nullfont!
Missing character: There is no 6 ("36) in font nullfont!
Missing character: There is no 8 ("38) in font nullfont!
Missing character: There is no 1 ("31) in font nullfont!
Missing character: There is no 1 ("31) in font nullfont!

Package fancyhdr Warning: \headheight is too small (12.0pt): 
(fancyhdr)                Make it at least 12.4pt, for example:
(fancyhdr)                \setlength{\headheight}{12.4pt}.
(fancyhdr)                You might also make \topmargin smaller to compensate:

(fancyhdr)                \addtolength{\topmargin}{-0.4pt}.

! Undefined control sequence.
\f@nch@ocf ...11pt}\selectfont 机密\quad 第\thepage页 
                                                  \strut 
l.240 \textbf{普华永道专项分析（最高紧迫性）}
                              ：普华永道为恒大集团2016-2021年度审计机构，连续出具标准无保留意见审计报告。香港FR...
The control sequence at the end of the top line
of your error message was never \def'ed. If you have
misspelled it (e.g., `\hobx'), type `I' and the correct
spelling (e.g., `I\hbox'). Otherwise just continue,
and I'll forget about whatever was undefined.

[11]
Missing character: There is no 2 ("32) in font nullfont!
Missing character: There is no 0 ("30) in font nullfont!
Missing character: There is no 1 ("31) in font nullfont!
Missing character: There is no 6 ("36) in font nullfont!
Missing character: There is no - ("2D) in font nullfont!
Missing character: There is no 2 ("32) in font nullfont!
Missing character: There is no 0 ("30) in font nullfont!
Missing character: There is no 2 ("32) in font nullfont!
Missing character: There is no 1 ("31) in font nullfont!
Missing character: There is no F ("46) in font nullfont!
Missing character: There is no R ("52) in font nullfont!
Missing character: There is no C ("43) in font nullfont!
Missing character: There is no 2 ("32) in font nullfont!
Missing character: There is no 0 ("30) in font nullfont!
Missing character: There is no 2 ("32) in font nullfont!
Missing character: There is no 3 ("33) in font nullfont!
Missing character: There is no 2 ("32) in font nullfont!
Missing character: There is no 2 ("32) in font nullfont!
Missing character: There is no 9 ("39) in font nullfont!
Missing character: There is no 1 ("31) in font nullfont!
Missing character: There is no 5 ("35) in font nullfont!
Missing character: There is no 3 ("33) in font nullfont!
Missing character: There is no 3 ("33) in font nullfont!
Missing character: There is no 1 ("31) in font nullfont!
Missing character: There is no 0 ("30) in font nullfont!
Missing character: There is no 0 ("30) in font nullfont!
Missing character: There is no % ("25) in font nullfont!
Missing character: There is no ⚠ ("26A0) in font nullfont!
Missing character: There is no ️ (U+FE0F) in font Noto Sans CJK SC/OT:script=ha
ni;language=ZHS;!
Missing character: There is no 3 ("33) in font nullfont!
Missing character: There is no 5 ("35) in font nullfont!
Missing character: There is no 2 ("32) in font nullfont!
Missing character: There is no 0 ("30) in font nullfont!
Missing character: There is no 2 ("32) in font nullfont!
Missing character: There is no 6 ("36) in font nullfont!
Missing character: There is no 3 ("33) in font nullfont!
Missing character: There is no . ("2E) in font nullfont!
Missing character: There is no 3 ("33) in font nullfont!
Missing character: There is no " ("22) in font nullfont!
Missing character: There is no " ("22) in font nullfont!
Missing character: There is no 1 ("31) in font nullfont!
Missing character: There is no 8 ("38) in font nullfont!
Missing character: There is no 6 ("36) in font nullfont!
Missing character: There is no 1 ("31) in font nullfont!
Missing character: There is no 8 ("38) in font nullfont!
Missing character: There is no 5 ("35) in font nullfont!
Missing character: There is no 1 ("31) in font nullfont!
Missing character: There is no 7 ("37) in font nullfont!
Missing character: There is no 5 ("35) in font nullfont!
Missing character: There is no 1 ("31) in font nullfont!
Missing character: There is no 8 ("38) in font nullfont!
Missing character: There is no 5 ("35) in font nullfont!
Missing character: There is no 2 ("32) in font nullfont!
Missing character: There is no 0 ("30) in font nullfont!
Missing character: There is no 2 ("32) in font nullfont!
Missing character: There is no 6 ("36) in font nullfont!
Missing character: There is no 8 ("38) in font nullfont!
Missing character: There is no 1 ("31) in font nullfont!
Missing character: There is no 2 ("32) in font nullfont!

Package fancyhdr Warning: \headheight is too small (12.0pt): 
(fancyhdr)                Make it at least 12.4pt, for example:
(fancyhdr)                \setlength{\headheight}{12.4pt}.
(fancyhdr)                You might also make \topmargin smaller to compensate:

(fancyhdr)                \addtolength{\topmargin}{-0.4pt}.

! Undefined control sequence.
\f@nch@ocf ...11pt}\selectfont 机密\quad 第\thepage页 
                                                  \strut 
l.248 \newpage
              \part{第二卷：全链条刑事追诉可行性穷尽分析}
The control sequence at the end of the top line
of your error message was never \def'ed. If you have
misspelled it (e.g., `\hobx'), type `I' and the correct
spelling (e.g., `I\hbox'). Otherwise just continue,
and I'll forget about whatever was undefined.

[12]
Missing character: There is no P ("50) in font nullfont!
Missing character: There is no a ("61) in font nullfont!
Missing character: There is no r ("72) in font nullfont!
Missing character: There is no t ("74) in font nullfont!
Missing character: There is no I ("49) in font nullfont!
Missing character: There is no I ("49) in font nullfont!
Missing character: There is no 4 ("34) in font nullfont!
Missing character: There is no 4 ("34) in font nullfont!
Missing character: There is no . ("2E) in font nullfont!
Missing character: There is no 1 ("31) in font nullfont!

Underfull \hbox (badness 3354) in paragraph at lines 255--256
[]|\TU/NotoSansCJKSC(0)/m/n/10.95 上 诉 风
 []

Missing character: There is no § ("A7) in font nullfont!
Missing character: There is no 1 ("31) in font nullfont!
Missing character: There is no 7 ("37) in font nullfont!
Missing character: There is no 6 ("36) in font nullfont!
Missing character: There is no 1 ("31) in font nullfont!
Missing character: There is no 0 ("30) in font nullfont!
Missing character: There is no 1 ("31) in font nullfont!
Missing character: There is no 5 ("35) in font nullfont!
Missing character: There is no ★ ("2605) in font nullfont!
Missing character: There is no ★ ("2605) in font nullfont!
Missing character: There is no ★ ("2605) in font nullfont!
Missing character: There is no ★ ("2605) in font nullfont!
Missing character: There is no ☆ ("2606) in font nullfont!
Missing character: There is no § ("A7) in font nullfont!
Missing character: There is no 1 ("31) in font nullfont!
Missing character: There is no 9 ("39) in font nullfont!
Missing character: There is no 2 ("32) in font nullfont!
Missing character: There is no ★ ("2605) in font nullfont!
Missing character: There is no ★ ("2605) in font nullfont!
Missing character: There is no ★ ("2605) in font nullfont!
Missing character: There is no ☆ ("2606) in font nullfont!
Missing character: There is no ☆ ("2606) in font nullfont!
Missing character: There is no § ("A7) in font nullfont!
Missing character: There is no 1 ("31) in font nullfont!
Missing character: There is no 8 ("38) in font nullfont!
Missing character: There is no 6 ("36) in font nullfont!
Missing character: There is no 1 ("31) in font nullfont!
Missing character: There is no 5 ("35) in font nullfont!
Missing character: There is no 2 ("32) in font nullfont!
Missing character: There is no 0 ("30) in font nullfont!
Missing character: There is no ★ ("2605) in font nullfont!
Missing character: There is no ★ ("2605) in font nullfont!
Missing character: There is no ★ ("2605) in font nullfont!
Missing character: There is no ☆ ("2606) in font nullfont!
Missing character: There is no ☆ ("2606) in font nullfont!
Missing character: There is no v ("76) in font nullfont!
Missing character: There is no s ("73) in font nullfont!
Missing character: There is no § ("A7) in font nullfont!
Missing character: There is no 1 ("31) in font nullfont!
Missing character: There is no 6 ("36) in font nullfont!
Missing character: There is no 0 ("30) in font nullfont!
Missing character: There is no 5 ("35) in font nullfont!
Missing character: There is no 1 ("31) in font nullfont!
Missing character: There is no 0 ("30) in font nullfont!
Missing character: There is no ★ ("2605) in font nullfont!
Missing character: There is no ★ ("2605) in font nullfont!
Missing character: There is no ★ ("2605) in font nullfont!
Missing character: There is no ★ ("2605) in font nullfont!
Missing character: There is no ☆ ("2606) in font nullfont!
Missing character: There is no § ("A7) in font nullfont!
Missing character: There is no 1 ("31) in font nullfont!
Missing character: There is no 6 ("36) in font nullfont!
Missing character: There is no 1 ("31) in font nullfont!
Missing character: There is no 3 ("33) in font nullfont!
Missing character: There is no 5 ("35) in font nullfont!
Missing character: There is no ★ ("2605) in font nullfont!
Missing character: There is no ★ ("2605) in font nullfont!
Missing character: There is no ★ ("2605) in font nullfont!
Missing character: There is no ★ ("2605) in font nullfont!
Missing character: There is no ☆ ("2606) in font nullfont!
Missing character: There is no § ("A7) in font nullfont!
Missing character: There is no 3 ("33) in font nullfont!
Missing character: There is no 9 ("39) in font nullfont!
Missing character: There is no 3 ("33) in font nullfont!
Missing character: There is no 5 ("35) in font nullfont!
Missing character: There is no 1 ("31) in font nullfont!
Missing character: There is no 5 ("35) in font nullfont!
Missing character: There is no ★ ("2605) in font nullfont!
Missing character: There is no ★ ("2605) in font nullfont!
Missing character: There is no ☆ ("2606) in font nullfont!
Missing character: There is no ☆ ("2606) in font nullfont!
Missing character: There is no ☆ ("2606) in font nullfont!
Missing character: There is no § ("A7) in font nullfont!
Missing character: There is no 1 ("31) in font nullfont!
Missing character: There is no 8 ("38) in font nullfont!
Missing character: There is no 5 ("35) in font nullfont!
Missing character: There is no 1 ("31) in font nullfont!
Missing character: There is no 0 ("30) in font nullfont!
Missing character: There is no 1 ("31) in font nullfont!
Missing character: There is no 5 ("35) in font nullfont!
Missing character: There is no ★ ("2605) in font nullfont!
Missing character: There is no ★ ("2605) in font nullfont!
Missing character: There is no ★ ("2605) in font nullfont!
Missing character: There is no ☆ ("2606) in font nullfont!
Missing character: There is no ☆ ("2606) in font nullfont!
Missing character: There is no § ("A7) in font nullfont!
Missing character: There is no 2 ("32) in font nullfont!
Missing character: There is no 7 ("37) in font nullfont!
Missing character: There is no 1 ("31) in font nullfont!
Missing character: There is no ★ ("2605) in font nullfont!
Missing character: There is no ★ ("2605) in font nullfont!
Missing character: There is no ★ ("2605) in font nullfont!
Missing character: There is no ☆ ("2606) in font nullfont!
Missing character: There is no ☆ ("2606) in font nullfont!
Missing character: There is no T ("54) in font nullfont!
Missing character: There is no a ("61) in font nullfont!
Missing character: There is no b ("62) in font nullfont!
Missing character: There is no l ("6C) in font nullfont!
Missing character: There is no e ("65) in font nullfont!
Missing character: There is no 5 ("35) in font nullfont!
Missing character: There is no T ("54) in font nullfont!
Missing character: There is no a ("61) in font nullfont!
Missing character: There is no b ("62) in font nullfont!
Missing character: There is no l ("6C) in font nullfont!
Missing character: There is no e ("65) in font nullfont!
Missing character: There is no 5 ("35) in font nullfont!
Missing character: There is no 8 ("38) in font nullfont!
Missing character: There is no T ("54) in font nullfont!
Missing character: There is no a ("61) in font nullfont!
Missing character: There is no b ("62) in font nullfont!
Missing character: There is no l ("6C) in font nullfont!
Missing character: There is no e ("65) in font nullfont!
Missing character: There is no 5 ("35) in font nullfont!
Missing character: There is no T ("54) in font nullfont!
Missing character: There is no a ("61) in font nullfont!
Missing character: There is no b ("62) in font nullfont!
Missing character: There is no l ("6C) in font nullfont!
Missing character: There is no e ("65) in font nullfont!
Missing character: There is no 5 ("35) in font nullfont!
Missing character: There is no 8 ("38) in font nullfont!
Missing character: There is no ★ ("2605) in font nullfont!
Missing character: There is no ★ ("2605) in font nullfont!
Missing character: There is no ★ ("2605) in font nullfont!

Overfull \hbox (1.98892pt too wide) in paragraph at lines 252--269
[]\TU/NotoSansCJKSC(0)/m/n/10.95 最 高 风 险
 []

Missing character: There is no 4 ("34) in font nullfont!
Missing character: There is no . ("2E) in font nullfont!
Missing character: There is no 2 ("32) in font nullfont!
Missing character: There is no 4 ("34) in font nullfont!
Missing character: There is no . ("2E) in font nullfont!
Missing character: There is no 2 ("32) in font nullfont!
Missing character: There is no . ("2E) in font nullfont!
Missing character: There is no 1 ("31) in font nullfont!
Missing character: There is no § ("A7) in font nullfont!
Missing character: There is no 1 ("31) in font nullfont!
Missing character: There is no 9 ("39) in font nullfont!
Missing character: There is no 1 ("31) in font nullfont!
Missing character: There is no B ("42) in font nullfont!
Missing character: There is no V ("56) in font nullfont!
Missing character: There is no I ("49) in font nullfont!
Missing character: There is no → ("2192) in font nullfont!
Missing character: There is no → ("2192) in font nullfont!
Missing character: There is no B ("42) in font nullfont!
Missing character: There is no V ("56) in font nullfont!
Missing character: There is no I ("49) in font nullfont!
Missing character: There is no F ("46) in font nullfont!
Missing character: There is no S ("53) in font nullfont!
Missing character: There is no C ("43) in font nullfont!
Missing character: There is no / ("2F) in font nullfont!
Missing character: There is no C ("43) in font nullfont!
Missing character: There is no I ("49) in font nullfont!
Missing character: There is no M ("4D) in font nullfont!
Missing character: There is no A ("41) in font nullfont!
Missing character: There is no 5 ("35) in font nullfont!
Missing character: There is no 1 ("31) in font nullfont!
Missing character: There is no 0 ("30) in font nullfont!
Missing character: There is no 5 ("35) in font nullfont!
Missing character: There is no - ("2D) in font nullfont!
Missing character: There is no 1 ("31) in font nullfont!
Missing character: There is no 0 ("30) in font nullfont!
Missing character: There is no 1 ("31) in font nullfont!
Missing character: There is no 5 ("35) in font nullfont!
Missing character: There is no 2 ("32) in font nullfont!
Missing character: There is no 0 ("30) in font nullfont!
Missing character: There is no 2 ("32) in font nullfont!
Missing character: There is no 1 ("31) in font nullfont!
Missing character: There is no 2 ("32) in font nullfont!
Missing character: There is no 0 ("30) in font nullfont!
Missing character: There is no 3 ("33) in font nullfont!
Missing character: There is no 1 ("31) in font nullfont!
Missing character: There is no 2 ("32) in font nullfont!
Missing character: There is no 0 ("30) in font nullfont!
Missing character: There is no 3 ("33) in font nullfont!
Missing character: There is no 6 ("36) in font nullfont!
Missing character: There is no 2 ("32) in font nullfont!
Missing character: There is no 0 ("30) in font nullfont!
Missing character: There is no 2 ("32) in font nullfont!
Missing character: There is no 6 ("36) in font nullfont!
Missing character: There is no 8 ("38) in font nullfont!
Missing character: There is no 1 ("31) in font nullfont!
Missing character: There is no 3 ("33) in font nullfont!

Package fancyhdr Warning: \headheight is too small (12.0pt): 
(fancyhdr)                Make it at least 12.4pt, for example:
(fancyhdr)                \setlength{\headheight}{12.4pt}.
(fancyhdr)                You might also make \topmargin smaller to compensate:

(fancyhdr)                \addtolength{\topmargin}{-0.4pt}.

! Undefined control sequence.
\f@nch@ocf ...11pt}\selectfont 机密\quad 第\thepage页 
                                                  \strut 
l.276 \subsubsection{（二）逃税罪（§201）追诉路径}
                                      
The control sequence at the end of the top line
of your error message was never \def'ed. If you have
misspelled it (e.g., `\hobx'), type `I' and the correct
spelling (e.g., `I\hbox'). Otherwise just continue,
and I'll forget about whatever was undefined.

[13]
Missing character: There is no 4 ("34) in font nullfont!
Missing character: There is no . ("2E) in font nullfont!
Missing character: There is no 2 ("32) in font nullfont!
Missing character: There is no . ("2E) in font nullfont!
Missing character: There is no 2 ("32) in font nullfont!
Missing character: There is no § ("A7) in font nullfont!
Missing character: There is no 2 ("32) in font nullfont!
Missing character: There is no 0 ("30) in font nullfont!
Missing character: There is no 1 ("31) in font nullfont!
Missing character: There is no 3 ("33) in font nullfont!
Missing character: There is no 0 ("30) in font nullfont!
Missing character: There is no % ("25) in font nullfont!
Missing character: There is no 7 ("37) in font nullfont!
Missing character: There is no 3 ("33) in font nullfont!
Missing character: There is no 0 ("30) in font nullfont!
Missing character: There is no % ("25) in font nullfont!
Missing character: There is no 1 ("31) in font nullfont!
Missing character: There is no 5 ("35) in font nullfont!
Missing character: There is no 2 ("32) in font nullfont!
Missing character: There is no 0 ("30) in font nullfont!
Missing character: There is no 2 ("32) in font nullfont!
Missing character: There is no 1 ("31) in font nullfont!
Missing character: There is no 2 ("32) in font nullfont!
Missing character: There is no 0 ("30) in font nullfont!
Missing character: There is no 3 ("33) in font nullfont!
Missing character: There is no 6 ("36) in font nullfont!
Missing character: There is no 4 ("34) in font nullfont!
Missing character: There is no . ("2E) in font nullfont!
Missing character: There is no 2 ("32) in font nullfont!
Missing character: There is no . ("2E) in font nullfont!
Missing character: There is no 3 ("33) in font nullfont!
Missing character: There is no § ("A7) in font nullfont!
Missing character: There is no 1 ("31) in font nullfont!
Missing character: There is no 7 ("37) in font nullfont!
Missing character: There is no 5 ("35) in font nullfont!
Missing character: There is no 3 ("33) in font nullfont!
Missing character: There is no 5 ("35) in font nullfont!
Missing character: There is no 3 ("33) in font nullfont!
Missing character: There is no - ("2D) in font nullfont!
Missing character: There is no 7 ("37) in font nullfont!
Missing character: There is no 1 ("31) in font nullfont!
Missing character: There is no 0 ("30) in font nullfont!
Missing character: There is no 4 ("34) in font nullfont!
Missing character: There is no . ("2E) in font nullfont!
Missing character: There is no 2 ("32) in font nullfont!
Missing character: There is no . ("2E) in font nullfont!
Missing character: There is no 4 ("34) in font nullfont!
Missing character: There is no § ("A7) in font nullfont!
Missing character: There is no 1 ("31) in font nullfont!
Missing character: There is no 6 ("36) in font nullfont!
Missing character: There is no 9 ("39) in font nullfont!
Missing character: There is no + ("2B) in font nullfont!
Missing character: There is no § ("A7) in font nullfont!
Missing character: There is no 1 ("31) in font nullfont!
Missing character: There is no 6 ("36) in font nullfont!
Missing character: There is no 9 ("39) in font nullfont!
Missing character: There is no 2 ("32) in font nullfont!
Missing character: There is no 0 ("30) in font nullfont!
Missing character: There is no 2 ("32) in font nullfont!
Missing character: There is no 1 ("31) in font nullfont!
Missing character: There is no 1 ("31) in font nullfont!
Missing character: There is no 6 ("36) in font nullfont!
Missing character: There is no 9 ("39) in font nullfont!
Missing character: There is no 6 ("36) in font nullfont!
Missing character: There is no 0 ("30) in font nullfont!
Missing character: There is no % ("25) in font nullfont!
Missing character: There is no 1 ("31) in font nullfont!
Missing character: There is no 6 ("36) in font nullfont!
Missing character: There is no 9 ("39) in font nullfont!
Missing character: There is no 1 ("31) in font nullfont!
Missing character: There is no 6 ("36) in font nullfont!
Missing character: There is no 9 ("39) in font nullfont!
Missing character: There is no 2 ("32) in font nullfont!
Missing character: There is no 1 ("31) in font nullfont!
Missing character: There is no 6 ("36) in font nullfont!
Missing character: There is no 9 ("39) in font nullfont!
Missing character: There is no 9 ("39) in font nullfont!
Missing character: There is no 7 ("37) in font nullfont!
Missing character: There is no % ("25) in font nullfont!
Missing character: There is no 3 ("33) in font nullfont!
Missing character: There is no - ("2D) in font nullfont!
Missing character: There is no 7 ("37) in font nullfont!
Missing character: There is no 7 ("37) in font nullfont!
Missing character: There is no 1 ("31) in font nullfont!
Missing character: There is no 5 ("35) in font nullfont!
Missing character: There is no 2 ("32) in font nullfont!
Missing character: There is no 0 ("30) in font nullfont!
Missing character: There is no 2 ("32) in font nullfont!
Missing character: There is no 1 ("31) in font nullfont!
Missing character: There is no 2 ("32) in font nullfont!
Missing character: There is no 0 ("30) in font nullfont!
Missing character: There is no 3 ("33) in font nullfont!
Missing character: There is no 6 ("36) in font nullfont!
Missing character: There is no 4 ("34) in font nullfont!
Missing character: There is no . ("2E) in font nullfont!
Missing character: There is no 2 ("32) in font nullfont!
Missing character: There is no . ("2E) in font nullfont!
Missing character: There is no 5 ("35) in font nullfont!
Missing character: There is no § ("A7) in font nullfont!
Missing character: There is no 2 ("32) in font nullfont!
Missing character: There is no 7 ("37) in font nullfont!
Missing character: There is no 2 ("32) in font nullfont!
Missing character: There is no 1 ("31) in font nullfont!
Missing character: There is no 3 ("33) in font nullfont!
Missing character: There is no 4 ("34) in font nullfont!
Missing character: There is no 2 ("32) in font nullfont!
Missing character: There is no 0 ("30) in font nullfont!
Missing character: There is no 2 ("32) in font nullfont!
Missing character: There is no 1 ("31) in font nullfont!
Missing character: There is no 1 ("31) in font nullfont!
Missing character: There is no 3 ("33) in font nullfont!
Missing character: There is no 4 ("34) in font nullfont!
Missing character: There is no 3 ("33) in font nullfont!
Missing character: There is no 5 ("35) in font nullfont!
Missing character: There is no 3 ("33) in font nullfont!
Missing character: There is no - ("2D) in font nullfont!
Missing character: There is no 7 ("37) in font nullfont!
Missing character: There is no 1 ("31) in font nullfont!
Missing character: There is no 0 ("30) in font nullfont!
Missing character: There is no 4 ("34) in font nullfont!
Missing character: There is no . ("2E) in font nullfont!
Missing character: There is no 2 ("32) in font nullfont!
Missing character: There is no . ("2E) in font nullfont!
Missing character: There is no 6 ("36) in font nullfont!
Missing character: There is no § ("A7) in font nullfont!
Missing character: There is no 1 ("31) in font nullfont!
Missing character: There is no 6 ("36) in font nullfont!
Missing character: There is no 4 ("34) in font nullfont!
Missing character: There is no § ("A7) in font nullfont!
Missing character: There is no 1 ("31) in font nullfont!
Missing character: There is no 6 ("36) in font nullfont!
Missing character: There is no 4 ("34) in font nullfont!
Missing character: There is no § ("A7) in font nullfont!
Missing character: There is no 1 ("31) in font nullfont!
Missing character: There is no 6 ("36) in font nullfont!
Missing character: There is no 3 ("33) in font nullfont!
Missing character: There is no § ("A7) in font nullfont!
Missing character: There is no 1 ("31) in font nullfont!
Missing character: There is no 6 ("36) in font nullfont!
Missing character: There is no 4 ("34) in font nullfont!
Missing character: There is no § ("A7) in font nullfont!
Missing character: There is no 1 ("31) in font nullfont!
Missing character: There is no 6 ("36) in font nullfont!
Missing character: There is no 3 ("33) in font nullfont!
Missing character: There is no § ("A7) in font nullfont!
Missing character: There is no 1 ("31) in font nullfont!
Missing character: There is no 6 ("36) in font nullfont!
Missing character: There is no 4 ("34) in font nullfont!
Missing character: There is no § ("A7) in font nullfont!
Missing character: There is no 1 ("31) in font nullfont!
Missing character: There is no 6 ("36) in font nullfont!
Missing character: There is no 3 ("33) in font nullfont!
Missing character: There is no § ("A7) in font nullfont!
Missing character: There is no 1 ("31) in font nullfont!
Missing character: There is no 6 ("36) in font nullfont!
Missing character: There is no 4 ("34) in font nullfont!
Missing character: There is no § ("A7) in font nullfont!
Missing character: There is no 1 ("31) in font nullfont!
Missing character: There is no 6 ("36) in font nullfont!
Missing character: There is no 3 ("33) in font nullfont!
Missing character: There is no T ("54) in font nullfont!
Missing character: There is no a ("61) in font nullfont!
Missing character: There is no b ("62) in font nullfont!
Missing character: There is no l ("6C) in font nullfont!
Missing character: There is no e ("65) in font nullfont!
Missing character: There is no 6 ("36) in font nullfont!
Missing character: There is no T ("54) in font nullfont!
Missing character: There is no a ("61) in font nullfont!
Missing character: There is no b ("62) in font nullfont!
Missing character: There is no l ("6C) in font nullfont!
Missing character: There is no e ("65) in font nullfont!
Missing character: There is no 6 ("36) in font nullfont!
Missing character: There is no T ("54) in font nullfont!
Missing character: There is no a ("61) in font nullfont!
Missing character: There is no b ("62) in font nullfont!
Missing character: There is no l ("6C) in font nullfont!
Missing character: There is no e ("65) in font nullfont!
Missing character: There is no 6 ("36) in font nullfont!
Missing character: There is no T ("54) in font nullfont!
Missing character: There is no a ("61) in font nullfont!
Missing character: There is no b ("62) in font nullfont!
Missing character: There is no l ("6C) in font nullfont!
Missing character: There is no e ("65) in font nullfont!
Missing character: There is no 6 ("36) in font nullfont!
Missing character: There is no 3 ("33) in font nullfont!
Missing character: There is no 5 ("35) in font nullfont!
Missing character: There is no 3 ("33) in font nullfont!
Missing character: There is no - ("2D) in font nullfont!
Missing character: There is no 1 ("31) in font nullfont!
Missing character: There is no 0 ("30) in font nullfont!
Missing character: There is no 1 ("31) in font nullfont!
Missing character: There is no 5 ("35) in font nullfont!
Missing character: There is no 2 ("32) in font nullfont!
Missing character: There is no 0 ("30) in font nullfont!
Missing character: There is no 2 ("32) in font nullfont!
Missing character: There is no 1 ("31) in font nullfont!
Missing character: There is no 2 ("32) in font nullfont!
Missing character: There is no 0 ("30) in font nullfont!
Missing character: There is no 2 ("32) in font nullfont!
Missing character: There is no 6 ("36) in font nullfont!
Missing character: There is no 8 ("38) in font nullfont!
Missing character: There is no 1 ("31) in font nullfont!
Missing character: There is no 4 ("34) in font nullfont!

Package fancyhdr Warning: \headheight is too small (12.0pt): 
(fancyhdr)                Make it at least 12.4pt, for example:
(fancyhdr)                \setlength{\headheight}{12.4pt}.
(fancyhdr)                You might also make \topmargin smaller to compensate:

(fancyhdr)                \addtolength{\topmargin}{-0.4pt}.

! Undefined control sequence.
\f@nch@ocf ...11pt}\selectfont 机密\quad 第\thepage页 
                                                  \strut 
l.318 \section{追诉时效分析——紧急行动时间窗口}
                                
The control sequence at the end of the top line
of your error message was never \def'ed. If you have
misspelled it (e.g., `\hobx'), type `I' and the correct
spelling (e.g., `I\hbox'). Otherwise just continue,
and I'll forget about whatever was undefined.

[14]
Missing character: There is no 5 ("35) in font nullfont!
Missing character: There is no 3 ("33) in font nullfont!
Missing character: There is no 5 ("35) in font nullfont!
Missing character: There is no ⚠ ("26A0) in font nullfont!
Missing character: There is no ️ (U+FE0F) in font Noto Sans CJK SC/OT:script=ha
ni;language=ZHS;!
Missing character: There is no 2 ("32) in font nullfont!
Missing character: There is no 0 ("30) in font nullfont!
Missing character: There is no 2 ("32) in font nullfont!
Missing character: There is no 6 ("36) in font nullfont!
Missing character: There is no 3 ("33) in font nullfont!
Missing character: There is no 5 ("35) in font nullfont!
Missing character: There is no ⚠ ("26A0) in font nullfont!
Missing character: There is no ️ (U+FE0F) in font Noto Sans CJK SC/OT:script=ha
ni;language=ZHS;!
Missing character: There is no 2 ("32) in font nullfont!
Missing character: There is no 0 ("30) in font nullfont!
Missing character: There is no 2 ("32) in font nullfont!
Missing character: There is no 6 ("36) in font nullfont!
Missing character: There is no 5 ("35) in font nullfont!
Missing character: There is no 1 ("31) in font nullfont!
Missing character: There is no 0 ("30) in font nullfont!
Missing character: There is no 2 ("32) in font nullfont!
Missing character: There is no 0 ("30) in font nullfont!
Missing character: There is no 3 ("33) in font nullfont!
Missing character: There is no 1 ("31) in font nullfont!
Missing character: There is no 7 ("37) in font nullfont!
Missing character: There is no 1 ("31) in font nullfont!
Missing character: There is no 0 ("30) in font nullfont!
Missing character: There is no 2 ("32) in font nullfont!
Missing character: There is no 0 ("30) in font nullfont!
Missing character: There is no 3 ("33) in font nullfont!
Missing character: There is no 1 ("31) in font nullfont!
Missing character: There is no 7 ("37) in font nullfont!
Missing character: There is no 1 ("31) in font nullfont!
Missing character: There is no 0 ("30) in font nullfont!
Missing character: There is no 2 ("32) in font nullfont!
Missing character: There is no 0 ("30) in font nullfont!
Missing character: There is no 3 ("33) in font nullfont!
Missing character: There is no 1 ("31) in font nullfont!
Missing character: There is no 5 ("35) in font nullfont!
Missing character: There is no 1 ("31) in font nullfont!
Missing character: There is no 0 ("30) in font nullfont!
Missing character: There is no 2 ("32) in font nullfont!
Missing character: There is no 0 ("30) in font nullfont!
Missing character: There is no 3 ("33) in font nullfont!
Missing character: There is no 1 ("31) in font nullfont!
Missing character: There is no 1 ("31) in font nullfont!
Missing character: There is no 0 ("30) in font nullfont!
Missing character: There is no 1 ("31) in font nullfont!
Missing character: There is no 5 ("35) in font nullfont!
Missing character: There is no 2 ("32) in font nullfont!
Missing character: There is no 0 ("30) in font nullfont!
Missing character: There is no 3 ("33) in font nullfont!
Missing character: There is no 6 ("36) in font nullfont!
Missing character: There is no 1 ("31) in font nullfont!
Missing character: There is no 5 ("35) in font nullfont!
Missing character: There is no 2 ("32) in font nullfont!
Missing character: There is no 0 ("30) in font nullfont!
Missing character: There is no 2 ("32) in font nullfont!
Missing character: There is no 0 ("30) in font nullfont!
Missing character: There is no 4 ("34) in font nullfont!
Missing character: There is no 1 ("31) in font nullfont!
Missing character: There is no T ("54) in font nullfont!
Missing character: There is no a ("61) in font nullfont!
Missing character: There is no b ("62) in font nullfont!
Missing character: There is no l ("6C) in font nullfont!
Missing character: There is no e ("65) in font nullfont!
Missing character: There is no 7 ("37) in font nullfont!
Missing character: There is no T ("54) in font nullfont!
Missing character: There is no a ("61) in font nullfont!
Missing character: There is no b ("62) in font nullfont!
Missing character: There is no l ("6C) in font nullfont!
Missing character: There is no e ("65) in font nullfont!
Missing character: There is no 7 ("37) in font nullfont!
Missing character: There is no 2 ("32) in font nullfont!
Missing character: There is no 0 ("30) in font nullfont!
Missing character: There is no 2 ("32) in font nullfont!
Missing character: There is no 6 ("36) in font nullfont!
Missing character: There is no - ("2D) in font nullfont!
Missing character: There is no 2 ("32) in font nullfont!
Missing character: There is no 0 ("30) in font nullfont!
Missing character: There is no 4 ("34) in font nullfont!
Missing character: There is no 1 ("31) in font nullfont!
Missing character: There is no T ("54) in font nullfont!
Missing character: There is no a ("61) in font nullfont!
Missing character: There is no b ("62) in font nullfont!
Missing character: There is no l ("6C) in font nullfont!
Missing character: There is no e ("65) in font nullfont!
Missing character: There is no 7 ("37) in font nullfont!
Missing character: There is no T ("54) in font nullfont!
Missing character: There is no a ("61) in font nullfont!
Missing character: There is no b ("62) in font nullfont!
Missing character: There is no l ("6C) in font nullfont!
Missing character: There is no e ("65) in font nullfont!
Missing character: There is no 7 ("37) in font nullfont!
Missing character: There is no 2 ("32) in font nullfont!
Missing character: There is no 0 ("30) in font nullfont!
Missing character: There is no 2 ("32) in font nullfont!
Missing character: There is no 6 ("36) in font nullfont!
Missing character: There is no - ("2D) in font nullfont!
Missing character: There is no 2 ("32) in font nullfont!
Missing character: There is no 0 ("30) in font nullfont!
Missing character: There is no 4 ("34) in font nullfont!
Missing character: There is no 1 ("31) in font nullfont!
Missing character: There is no ⚠ ("26A0) in font nullfont!
Missing character: There is no ️ (U+FE0F) in font Noto Sans CJK SC/OT:script=ha
ni;language=ZHS;!
Missing character: There is no 2 ("32) in font nullfont!
Missing character: There is no 0 ("30) in font nullfont!
Missing character: There is no 2 ("32) in font nullfont!
Missing character: There is no 6 ("36) in font nullfont!
Missing character: There is no 1 ("31) in font nullfont!
Missing character: There is no 2 ("32) in font nullfont!
Missing character: There is no 0 ("30) in font nullfont!
Missing character: There is no 2 ("32) in font nullfont!
Missing character: There is no 6 ("36) in font nullfont!
Missing character: There is no 2 ("32) in font nullfont!
Missing character: There is no / ("2F) in font nullfont!
Missing character: There is no 2 ("32) in font nullfont!
Missing character: There is no 0 ("30) in font nullfont!
Missing character: There is no 2 ("32) in font nullfont!
Missing character: There is no 6 ("36) in font nullfont!
Missing character: There is no 3 ("33) in font nullfont!
Missing character: There is no 2 ("32) in font nullfont!
Missing character: There is no 0 ("30) in font nullfont!
Missing character: There is no 2 ("32) in font nullfont!
Missing character: There is no 6 ("36) in font nullfont!
Missing character: There is no 8 ("38) in font nullfont!
Missing character: There is no 1 ("31) in font nullfont!
Missing character: There is no 5 ("35) in font nullfont!

Package fancyhdr Warning: \headheight is too small (12.0pt): 
(fancyhdr)                Make it at least 12.4pt, for example:
(fancyhdr)                \setlength{\headheight}{12.4pt}.
(fancyhdr)                You might also make \topmargin smaller to compensate:

(fancyhdr)                \addtolength{\topmargin}{-0.4pt}.

! Undefined control sequence.
\f@nch@ocf ...11pt}\selectfont 机密\quad 第\thepage页 
                                                  \strut 
l.340 \newpage
              \part{第三卷：证据链全景构建标准化手册}
The control sequence at the end of the top line
of your error message was never \def'ed. If you have
misspelled it (e.g., `\hobx'), type `I' and the correct
spelling (e.g., `I\hbox'). Otherwise just continue,
and I'll forget about whatever was undefined.

[15]
Missing character: There is no 2 ("32) in font nullfont!
Missing character: There is no 0 ("30) in font nullfont!
Missing character: There is no 2 ("32) in font nullfont!
Missing character: There is no 6 ("36) in font nullfont!
Missing character: There is no 8 ("38) in font nullfont!
Missing character: There is no 1 ("31) in font nullfont!
Missing character: There is no 6 ("36) in font nullfont!

Package fancyhdr Warning: \headheight is too small (12.0pt): 
(fancyhdr)                Make it at least 12.4pt, for example:
(fancyhdr)                \setlength{\headheight}{12.4pt}.
(fancyhdr)                You might also make \topmargin smaller to compensate:

(fancyhdr)                \addtolength{\topmargin}{-0.4pt}.

! Undefined control sequence.
\f@nch@ocf ...11pt}\selectfont 机密\quad 第\thepage页 
                                                  \strut 
l.340 \newpage
              \part{第三卷：证据链全景构建标准化手册}
The control sequence at the end of the top line
of your error message was never \def'ed. If you have
misspelled it (e.g., `\hobx'), type `I' and the correct
spelling (e.g., `I\hbox'). Otherwise just continue,
and I'll forget about whatever was undefined.

[16]
Missing character: There is no P ("50) in font nullfont!
Missing character: There is no a ("61) in font nullfont!
Missing character: There is no r ("72) in font nullfont!
Missing character: There is no t ("74) in font nullfont!
Missing character: There is no I ("49) in font nullfont!
Missing character: There is no I ("49) in font nullfont!
Missing character: There is no I ("49) in font nullfont!
Missing character: There is no 6 ("36) in font nullfont!
Missing character: There is no 6 ("36) in font nullfont!
Missing character: There is no . ("2E) in font nullfont!
Missing character: There is no 1 ("31) in font nullfont!
Missing character: There is no " ("22) in font nullfont!
Missing character: There is no " ("22) in font nullfont!

Underfull \hbox (badness 3354) in paragraph at lines 348--349
[]|\TU/NotoSansCJKSC(0)/m/n/10.95 风 险 等
 []

Missing character: There is no 1 ("31) in font nullfont!
Missing character: There is no 2 ("32) in font nullfont!
Missing character: There is no 2 ("32) in font nullfont!
Missing character: There is no 0 ("30) in font nullfont!
Missing character: There is no 1 ("31) in font nullfont!
Missing character: There is no 6 ("36) in font nullfont!
Missing character: There is no v ("76) in font nullfont!
Missing character: There is no s ("73) in font nullfont!
Missing character: There is no 2 ("32) in font nullfont!
Missing character: There is no 0 ("30) in font nullfont!
Missing character: There is no 2 ("32) in font nullfont!
Missing character: There is no 1 ("31) in font nullfont!
Missing character: There is no 3 ("33) in font nullfont!
Missing character: There is no I ("49) in font nullfont!
Missing character: There is no F ("46) in font nullfont!
Missing character: There is no R ("52) in font nullfont!
Missing character: There is no S ("53) in font nullfont!
Missing character: There is no v ("76) in font nullfont!
Missing character: There is no s ("73) in font nullfont!
Missing character: There is no C ("43) in font nullfont!
Missing character: There is no A ("41) in font nullfont!
Missing character: There is no S ("53) in font nullfont!
Missing character: There is no I ("49) in font nullfont!
Missing character: There is no F ("46) in font nullfont!
Missing character: There is no R ("52) in font nullfont!
Missing character: There is no S ("53) in font nullfont!
Missing character: There is no A ("41) in font nullfont!
Missing character: There is no 4 ("34) in font nullfont!
Missing character: There is no / ("2F) in font nullfont!
Missing character: There is no / ("2F) in font nullfont!
Missing character: There is no 5 ("35) in font nullfont!
Missing character: There is no 6 ("36) in font nullfont!
Missing character: There is no 7 ("37) in font nullfont!
Missing character: There is no T ("54) in font nullfont!
Missing character: There is no a ("61) in font nullfont!
Missing character: There is no b ("62) in font nullfont!
Missing character: There is no l ("6C) in font nullfont!
Missing character: There is no e ("65) in font nullfont!
Missing character: There is no 8 ("38) in font nullfont!
Missing character: There is no T ("54) in font nullfont!
Missing character: There is no a ("61) in font nullfont!
Missing character: There is no b ("62) in font nullfont!
Missing character: There is no l ("6C) in font nullfont!
Missing character: There is no e ("65) in font nullfont!
Missing character: There is no 8 ("38) in font nullfont!
Missing character: There is no T ("54) in font nullfont!
Missing character: There is no a ("61) in font nullfont!
Missing character: There is no b ("62) in font nullfont!
Missing character: There is no l ("6C) in font nullfont!
Missing character: There is no e ("65) in font nullfont!
Missing character: There is no 8 ("38) in font nullfont!
Missing character: There is no T ("54) in font nullfont!
Missing character: There is no a ("61) in font nullfont!
Missing character: There is no b ("62) in font nullfont!
Missing character: There is no l ("6C) in font nullfont!
Missing character: There is no e ("65) in font nullfont!
Missing character: There is no 8 ("38) in font nullfont!
Missing character: There is no / ("2F) in font nullfont!
Missing character: There is no 6 ("36) in font nullfont!
Missing character: There is no . ("2E) in font nullfont!
Missing character: There is no 2 ("32) in font nullfont!
Missing character: There is no " ("22) in font nullfont!
Missing character: There is no " ("22) in font nullfont!
Missing character: There is no 1 ("31) in font nullfont!
Missing character: There is no 2 ("32) in font nullfont!
Missing character: There is no P ("50) in font nullfont!
Missing character: There is no w ("77) in font nullfont!
Missing character: There is no C ("43) in font nullfont!
Missing character: There is no 3 ("33) in font nullfont!
Missing character: There is no " ("22) in font nullfont!
Missing character: There is no " ("22) in font nullfont!
Missing character: There is no 2 ("32) in font nullfont!
Missing character: There is no 0 ("30) in font nullfont!
Missing character: There is no 2 ("32) in font nullfont!
Missing character: There is no 6 ("36) in font nullfont!
Missing character: There is no 8 ("38) in font nullfont!
Missing character: There is no 1 ("31) in font nullfont!
Missing character: There is no 7 ("37) in font nullfont!

Package fancyhdr Warning: \headheight is too small (12.0pt): 
(fancyhdr)                Make it at least 12.4pt, for example:
(fancyhdr)                \setlength{\headheight}{12.4pt}.
(fancyhdr)                You might also make \topmargin smaller to compensate:

(fancyhdr)                \addtolength{\topmargin}{-0.4pt}.

! Undefined control sequence.
\f@nch@ocf ...11pt}\selectfont 机密\quad 第\thepage页 
                                                  \strut 
l.363 
      
The control sequence at the end of the top line
of your error message was never \def'ed. If you have
misspelled it (e.g., `\hobx'), type `I' and the correct
spelling (e.g., `I\hbox'). Otherwise just continue,
and I'll forget about whatever was undefined.

[17]
Missing character: There is no / ("2F) in font nullfont!
Missing character: There is no P ("50) in font nullfont!
Missing character: There is no w ("77) in font nullfont!
Missing character: There is no C ("43) in font nullfont!
Missing character: There is no " ("22) in font nullfont!
Missing character: There is no " ("22) in font nullfont!
Missing character: There is no 6 ("36) in font nullfont!
Missing character: There is no . ("2E) in font nullfont!
Missing character: There is no 3 ("33) in font nullfont!
Missing character: There is no 1 ("31) in font nullfont!
Missing character: There is no 2 ("32) in font nullfont!
Missing character: There is no " ("22) in font nullfont!
Missing character: There is no " ("22) in font nullfont!
Missing character: There is no 5 ("35) in font nullfont!
Missing character: There is no 6 ("36) in font nullfont!
Missing character: There is no " ("22) in font nullfont!
Missing character: There is no " ("22) in font nullfont!
Missing character: There is no 6 ("36) in font nullfont!
Missing character: There is no . ("2E) in font nullfont!
Missing character: There is no 4 ("34) in font nullfont!
Missing character: There is no 2 ("32) in font nullfont!
Missing character: There is no 0 ("30) in font nullfont!
Missing character: There is no 2 ("32) in font nullfont!
Missing character: There is no 1 ("31) in font nullfont!
Missing character: There is no " ("22) in font nullfont!
Missing character: There is no " ("22) in font nullfont!
Missing character: There is no + ("2B) in font nullfont!
Missing character: There is no + ("2B) in font nullfont!
Missing character: There is no + ("2B) in font nullfont!
Missing character: There is no + ("2B) in font nullfont!
Missing character: There is no 2 ("32) in font nullfont!
Missing character: There is no 0 ("30) in font nullfont!
Missing character: There is no 2 ("32) in font nullfont!
Missing character: There is no 1 ("31) in font nullfont!
Missing character: There is no 9 ("39) in font nullfont!
Missing character: There is no " ("22) in font nullfont!
Missing character: There is no " ("22) in font nullfont!
Missing character: There is no 6 ("36) in font nullfont!
Missing character: There is no . ("2E) in font nullfont!
Missing character: There is no 5 ("35) in font nullfont!

Underfull \hbox (badness 3354) in paragraph at lines 378--378
[]|\TU/NotoSansCJKSC(0)/m/n/10.95 缺 失 影
 []

Missing character: There is no F ("46) in font nullfont!
Missing character: There is no R ("52) in font nullfont!
Missing character: There is no C ("43) in font nullfont!
Missing character: There is no T ("54) in font nullfont!
Missing character: There is no a ("61) in font nullfont!
Missing character: There is no b ("62) in font nullfont!
Missing character: There is no l ("6C) in font nullfont!
Missing character: There is no e ("65) in font nullfont!
Missing character: There is no 9 ("39) in font nullfont!
Missing character: There is no T ("54) in font nullfont!
Missing character: There is no a ("61) in font nullfont!
Missing character: There is no b ("62) in font nullfont!
Missing character: There is no l ("6C) in font nullfont!
Missing character: There is no e ("65) in font nullfont!
Missing character: There is no 9 ("39) in font nullfont!
Missing character: There is no T ("54) in font nullfont!
Missing character: There is no a ("61) in font nullfont!
Missing character: There is no b ("62) in font nullfont!
Missing character: There is no l ("6C) in font nullfont!
Missing character: There is no e ("65) in font nullfont!
Missing character: There is no 9 ("39) in font nullfont!
Missing character: There is no T ("54) in font nullfont!
Missing character: There is no a ("61) in font nullfont!
Missing character: There is no b ("62) in font nullfont!
Missing character: There is no l ("6C) in font nullfont!
Missing character: There is no e ("65) in font nullfont!
Missing character: There is no 9 ("39) in font nullfont!
Missing character: There is no 5 ("35) in font nullfont!
Missing character: There is no 5 ("35) in font nullfont!
Missing character: There is no 2 ("32) in font nullfont!
Missing character: There is no 0 ("30) in font nullfont!
Missing character: There is no 2 ("32) in font nullfont!
Missing character: There is no 6 ("36) in font nullfont!
Missing character: There is no 8 ("38) in font nullfont!
Missing character: There is no 1 ("31) in font nullfont!
Missing character: There is no 8 ("38) in font nullfont!

Package fancyhdr Warning: \headheight is too small (12.0pt): 
(fancyhdr)                Make it at least 12.4pt, for example:
(fancyhdr)                \setlength{\headheight}{12.4pt}.
(fancyhdr)                You might also make \topmargin smaller to compensate:

(fancyhdr)                \addtolength{\topmargin}{-0.4pt}.

! Undefined control sequence.
\f@nch@ocf ...11pt}\selectfont 机密\quad 第\thepage页 
                                                  \strut 
l.390 \section{六大罪名四要件证据链标准化手册}
                               
The control sequence at the end of the top line
of your error message was never \def'ed. If you have
misspelled it (e.g., `\hobx'), type `I' and the correct
spelling (e.g., `I\hbox'). Otherwise just continue,
and I'll forget about whatever was undefined.

[18]
Missing character: There is no 7 ("37) in font nullfont!
Missing character: There is no 7 ("37) in font nullfont!
Missing character: There is no . ("2E) in font nullfont!
Missing character: There is no 1 ("31) in font nullfont!
Missing character: There is no § ("A7) in font nullfont!
Missing character: There is no 1 ("31) in font nullfont!
Missing character: There is no 7 ("37) in font nullfont!
Missing character: There is no 6 ("36) in font nullfont!
! Extra alignment tab has been changed to \cr.
<recently read> \endtemplate 
                             
l.398 ...份证明；任职文件 & 主体独立性（与恒大集团混同） & 核查各平台独立融资资质 &
                                                   高 \\
You have given more \span or & marks than there were
in the preamble to the \halign or \valign now in progress.
So I'll assume that you meant to type \cr instead.

Missing character: There is no " ("22) in font nullfont!
Missing character: There is no " ("22) in font nullfont!
! Extra alignment tab has been changed to \cr.
<recently read> \endtemplate 
                             
l.399 ...讯问笔录 & "明知非法"主观证据数量有限 & 内部培训材料；营销方案决策文件 &
                                                   高 \\
You have given more \span or & marks than there were
in the preamble to the \halign or \valign now in progress.
So I'll assume that you meant to type \cr instead.

Missing character: There is no 5 ("35) in font nullfont!
Missing character: There is no 0 ("30) in font nullfont!
! Extra alignment tab has been changed to \cr.
<recently read> \endtemplate 
                             
l.400 ...人样本统计代表性；部分资金流向境外 & 扩大抽样范围；国际司法协助调取境外流水 &
                                                   中 \\
You have given more \span or & marks than there were
in the preamble to the \halign or \valign now in progress.
So I'll assume that you meant to type \cr instead.

! Extra alignment tab has been changed to \cr.
<recently read> \endtemplate 
                             
l.401 ...（涉案金额） & 损失计算方法是否得到控辩双方认可 & 引入独立第三方损失评估 &
                                                   中 \\
You have given more \span or & marks than there were
in the preamble to the \halign or \valign now in progress.
So I'll assume that you meant to type \cr instead.

Missing character: There is no T ("54) in font nullfont!
Missing character: There is no a ("61) in font nullfont!
Missing character: There is no b ("62) in font nullfont!
Missing character: There is no l ("6C) in font nullfont!
Missing character: There is no e ("65) in font nullfont!
Missing character: There is no 1 ("31) in font nullfont!
Missing character: There is no 0 ("30) in font nullfont!
Missing character: There is no T ("54) in font nullfont!
Missing character: There is no a ("61) in font nullfont!
Missing character: There is no b ("62) in font nullfont!
Missing character: There is no l ("6C) in font nullfont!
Missing character: There is no e ("65) in font nullfont!
Missing character: There is no 1 ("31) in font nullfont!
Missing character: There is no 0 ("30) in font nullfont!
Missing character: There is no T ("54) in font nullfont!
Missing character: There is no a ("61) in font nullfont!
Missing character: There is no b ("62) in font nullfont!
Missing character: There is no l ("6C) in font nullfont!
Missing character: There is no e ("65) in font nullfont!
Missing character: There is no 1 ("31) in font nullfont!
Missing character: There is no 0 ("30) in font nullfont!
Missing character: There is no T ("54) in font nullfont!
Missing character: There is no a ("61) in font nullfont!
Missing character: There is no b ("62) in font nullfont!
Missing character: There is no l ("6C) in font nullfont!
Missing character: There is no e ("65) in font nullfont!
Missing character: There is no 1 ("31) in font nullfont!
Missing character: There is no 0 ("30) in font nullfont!
Missing character: There is no 2 ("32) in font nullfont!
Missing character: There is no 0 ("30) in font nullfont!
Missing character: There is no 2 ("32) in font nullfont!
Missing character: There is no 6 ("36) in font nullfont!
Missing character: There is no 8 ("38) in font nullfont!
Missing character: There is no 1 ("31) in font nullfont!
Missing character: There is no 9 ("39) in font nullfont!

Package fancyhdr Warning: \headheight is too small (12.0pt): 
(fancyhdr)                Make it at least 12.4pt, for example:
(fancyhdr)                \setlength{\headheight}{12.4pt}.
(fancyhdr)                You might also make \topmargin smaller to compensate:

(fancyhdr)                \addtolength{\topmargin}{-0.4pt}.

! Undefined control sequence.
\f@nch@ocf ...11pt}\selectfont 机密\quad 第\thepage页 
                                                  \strut 
l.405 \subsection{手册二：职务侵占罪（§271）}
                                  
The control sequence at the end of the top line
of your error message was never \def'ed. If you have
misspelled it (e.g., `\hobx'), type `I' and the correct
spelling (e.g., `I\hbox'). Otherwise just continue,
and I'll forget about whatever was undefined.

[19]
Missing character: There is no 7 ("37) in font nullfont!
Missing character: There is no . ("2E) in font nullfont!
Missing character: There is no 2 ("32) in font nullfont!
Missing character: There is no § ("A7) in font nullfont!
Missing character: There is no 2 ("32) in font nullfont!
Missing character: There is no 7 ("37) in font nullfont!
Missing character: There is no 1 ("31) in font nullfont!
Missing character: There is no " ("22) in font nullfont!
Missing character: There is no " ("22) in font nullfont!
! Extra alignment tab has been changed to \cr.
<recently read> \endtemplate 
                             
l.412 ...司法与刑法对"职务便利"界定是否存在冲突 & 厘清许家印在各关联公司的任职情况 &
                                                   高 \\
You have given more \span or & marks than there were
in the preamble to the \halign or \valign now in progress.
So I'll assume that you meant to type \cr instead.

Missing character: There is no " ("22) in font nullfont!
Missing character: There is no = ("3D) in font nullfont!
Missing character: There is no " ("22) in font nullfont!
Missing character: There is no " ("22) in font nullfont!
Missing character: There is no " ("22) in font nullfont!

Underfull \hbox (badness 2351) in paragraph at lines 413--413
\TU/NotoSansCJKSC(0)/m/n/10.95 务 沟 通 记
 []

! Extra alignment tab has been changed to \cr.
<recently read> \endtemplate 
                             
l.413 ...违法"的法律认知证明极难 & 调取许家印与律师、法务沟通记录；内部财务预警报告 &
                                                   极高 \\
You have given more \span or & marks than there were
in the preamble to the \halign or \valign now in progress.
So I'll assume that you meant to type \cr instead.

Missing character: There is no / ("2F) in font nullfont!
Missing character: There is no " ("22) in font nullfont!
Missing character: There is no " ("22) in font nullfont!
! Extra alignment tab has been changed to \cr.
<recently read> \endtemplate 
                             
l.414 ...，"实质违法"的客观证据需加强 & 申请审计机构对分红时点偿债能力出具专项意见 &
                                                   高 \\
You have given more \span or & marks than there were
in the preamble to the \halign or \valign now in progress.
So I'll assume that you meant to type \cr instead.

! Extra alignment tab has been changed to \cr.
<recently read> \endtemplate 
                             
l.415 ...讼判决书 & 债权人损失与分红之间因果关系 & 收集金融机构债权人损失申报材料 &
                                                   中 \\
You have given more \span or & marks than there were
in the preamble to the \halign or \valign now in progress.
So I'll assume that you meant to type \cr instead.

Missing character: There is no T ("54) in font nullfont!
Missing character: There is no a ("61) in font nullfont!
Missing character: There is no b ("62) in font nullfont!
Missing character: There is no l ("6C) in font nullfont!
Missing character: There is no e ("65) in font nullfont!
Missing character: There is no 1 ("31) in font nullfont!
Missing character: There is no 1 ("31) in font nullfont!
Missing character: There is no T ("54) in font nullfont!
Missing character: There is no a ("61) in font nullfont!
Missing character: There is no b ("62) in font nullfont!
Missing character: There is no l ("6C) in font nullfont!
Missing character: There is no e ("65) in font nullfont!
Missing character: There is no 1 ("31) in font nullfont!
Missing character: There is no 1 ("31) in font nullfont!
Missing character: There is no " ("22) in font nullfont!
Missing character: There is no " ("22) in font nullfont!
Missing character: There is no T ("54) in font nullfont!
Missing character: There is no a ("61) in font nullfont!
Missing character: There is no b ("62) in font nullfont!
Missing character: There is no l ("6C) in font nullfont!
Missing character: There is no e ("65) in font nullfont!
Missing character: There is no 1 ("31) in font nullfont!
Missing character: There is no 1 ("31) in font nullfont!
Missing character: There is no T ("54) in font nullfont!
Missing character: There is no a ("61) in font nullfont!
Missing character: There is no b ("62) in font nullfont!
Missing character: There is no l ("6C) in font nullfont!
Missing character: There is no e ("65) in font nullfont!
Missing character: There is no 1 ("31) in font nullfont!
Missing character: There is no 1 ("31) in font nullfont!
Missing character: There is no " ("22) in font nullfont!
Missing character: There is no " ("22) in font nullfont!
Missing character: There is no 2 ("32) in font nullfont!
Missing character: There is no 0 ("30) in font nullfont!
Missing character: There is no 2 ("32) in font nullfont!
Missing character: There is no 6 ("36) in font nullfont!
Missing character: There is no 8 ("38) in font nullfont!
Missing character: There is no 2 ("32) in font nullfont!
Missing character: There is no 0 ("30) in font nullfont!

Package fancyhdr Warning: \headheight is too small (12.0pt): 
(fancyhdr)                Make it at least 12.4pt, for example:
(fancyhdr)                \setlength{\headheight}{12.4pt}.
(fancyhdr)                You might also make \topmargin smaller to compensate:

(fancyhdr)                \addtolength{\topmargin}{-0.4pt}.

! Undefined control sequence.
\f@nch@ocf ...11pt}\selectfont 机密\quad 第\thepage页 
                                                  \strut 
l.419 \subsection{手册三：违法发放贷款罪（§186）}
                                    
The control sequence at the end of the top line
of your error message was never \def'ed. If you have
misspelled it (e.g., `\hobx'), type `I' and the correct
spelling (e.g., `I\hbox'). Otherwise just continue,
and I'll forget about whatever was undefined.

[20]
Missing character: There is no 7 ("37) in font nullfont!
Missing character: There is no . ("2E) in font nullfont!
Missing character: There is no 3 ("33) in font nullfont!
Missing character: There is no § ("A7) in font nullfont!
Missing character: There is no 1 ("31) in font nullfont!
Missing character: There is no 8 ("38) in font nullfont!
Missing character: There is no 6 ("36) in font nullfont!
! Extra alignment tab has been changed to \cr.
<recently read> \endtemplate 
                             
l.426 ...京银行公司章程 & 区分单位犯罪与个人犯罪的责任主体 & 明确贷审会各成员责任 &
                                                   高 \\
You have given more \span or & marks than there were
in the preamble to the \halign or \valign now in progress.
So I'll assume that you meant to type \cr instead.

Missing character: There is no " ("22) in font nullfont!
Missing character: There is no " ("22) in font nullfont!
Missing character: There is no " ("22) in font nullfont!
Missing character: There is no " ("22) in font nullfont!
Missing character: There is no " ("22) in font nullfont!
Missing character: There is no " ("22) in font nullfont!
! Extra alignment tab has been changed to \cr.
<recently read> \endtemplate 
                             
l.427 ...知不符合条件"与"专业判断失误"的边界 & 调取监管机构监管函；行政处罚决定书 &
                                                   高 \\
You have given more \span or & marks than there were
in the preamble to the \halign or \valign now in progress.
So I'll assume that you meant to type \cr instead.

Missing character: There is no " ("22) in font nullfont!
Missing character: There is no " ("22) in font nullfont!
Missing character: There is no " ("22) in font nullfont!
Missing character: There is no " ("22) in font nullfont!

Underfull \hbox (badness 2351) in paragraph at lines 428--428
[]|\TU/NotoSansCJKSC(0)/m/n/10.95 申 请 金 融
 []

! Extra alignment tab has been changed to \cr.
<recently read> \endtemplate 
                             
l.428 ...违法发放"之间因果关系 & 申请金融监管专家出具"是否符合法定条件"的专家意见 &
                                                   中 \\
You have given more \span or & marks than there were
in the preamble to the \halign or \valign now in progress.
So I'll assume that you meant to type \cr instead.

Missing character: There is no " ("22) in font nullfont!
Missing character: There is no " ("22) in font nullfont!
! Extra alignment tab has been changed to \cr.
<recently read> \endtemplate 
                             
l.429 ...集体审批机制下如何认定"个人决定" & 调取贷审会投票记录，确定反对意见负责人 &
                                                   高 \\
You have given more \span or & marks than there were
in the preamble to the \halign or \valign now in progress.
So I'll assume that you meant to type \cr instead.

Missing character: There is no T ("54) in font nullfont!
Missing character: There is no a ("61) in font nullfont!
Missing character: There is no b ("62) in font nullfont!
Missing character: There is no l ("6C) in font nullfont!
Missing character: There is no e ("65) in font nullfont!
Missing character: There is no 1 ("31) in font nullfont!
Missing character: There is no 2 ("32) in font nullfont!
Missing character: There is no T ("54) in font nullfont!
Missing character: There is no a ("61) in font nullfont!
Missing character: There is no b ("62) in font nullfont!
Missing character: There is no l ("6C) in font nullfont!
Missing character: There is no e ("65) in font nullfont!
Missing character: There is no 1 ("31) in font nullfont!
Missing character: There is no 2 ("32) in font nullfont!
Missing character: There is no T ("54) in font nullfont!
Missing character: There is no a ("61) in font nullfont!
Missing character: There is no b ("62) in font nullfont!
Missing character: There is no l ("6C) in font nullfont!
Missing character: There is no e ("65) in font nullfont!
Missing character: There is no 1 ("31) in font nullfont!
Missing character: There is no 2 ("32) in font nullfont!
Missing character: There is no T ("54) in font nullfont!
Missing character: There is no a ("61) in font nullfont!
Missing character: There is no b ("62) in font nullfont!
Missing character: There is no l ("6C) in font nullfont!
Missing character: There is no e ("65) in font nullfont!
Missing character: There is no 1 ("31) in font nullfont!
Missing character: There is no 2 ("32) in font nullfont!
Missing character: There is no 2 ("32) in font nullfont!
Missing character: There is no 0 ("30) in font nullfont!
Missing character: There is no 2 ("32) in font nullfont!
Missing character: There is no 6 ("36) in font nullfont!
Missing character: There is no 8 ("38) in font nullfont!
Missing character: There is no 2 ("32) in font nullfont!
Missing character: There is no 1 ("31) in font nullfont!

Package fancyhdr Warning: \headheight is too small (12.0pt): 
(fancyhdr)                Make it at least 12.4pt, for example:
(fancyhdr)                \setlength{\headheight}{12.4pt}.
(fancyhdr)                You might also make \topmargin smaller to compensate:

(fancyhdr)                \addtolength{\topmargin}{-0.4pt}.

! Undefined control sequence.
\f@nch@ocf ...11pt}\selectfont 机密\quad 第\thepage页 
                                                  \strut 
l.433 \subsection{手册四：欺诈发行证券罪（§160）}
                                    
The control sequence at the end of the top line
of your error message was never \def'ed. If you have
misspelled it (e.g., `\hobx'), type `I' and the correct
spelling (e.g., `I\hbox'). Otherwise just continue,
and I'll forget about whatever was undefined.

[21]
Missing character: There is no 7 ("37) in font nullfont!
Missing character: There is no . ("2E) in font nullfont!
Missing character: There is no 4 ("34) in font nullfont!
Missing character: There is no § ("A7) in font nullfont!
Missing character: There is no 1 ("31) in font nullfont!
Missing character: There is no 6 ("36) in font nullfont!
Missing character: There is no 0 ("30) in font nullfont!
! Extra alignment tab has been changed to \cr.
<recently read> \endtemplate 
                             
l.440 ...保荐代表人执业资质 & 中介机构是否列为共犯 & 审查中介机构是否涉及共同犯罪 &
                                                   中 \\
You have given more \span or & marks than there were
in the preamble to the \halign or \valign now in progress.
So I'll assume that you meant to type \cr instead.

Missing character: There is no " ("22) in font nullfont!
Missing character: There is no " ("22) in font nullfont!
Missing character: There is no " ("22) in font nullfont!
Missing character: There is no " ("22) in font nullfont!
! Extra alignment tab has been changed to \cr.
<recently read> \endtemplate 
                             
l.441 ...诈故意"与"陈述不实"的区分 & 调取承销机构内部评审会记录；审计机构沟通邮件 &
                                                   高 \\
You have given more \span or & marks than there were
in the preamble to the \halign or \valign now in progress.
So I'll assume that you meant to type \cr instead.

Missing character: There is no " ("22) in font nullfont!
Missing character: There is no " ("22) in font nullfont!
Missing character: There is no " ("22) in font nullfont!
Missing character: There is no " ("22) in font nullfont!
Missing character: There is no " ("22) in font nullfont!
Missing character: There is no " ("22) in font nullfont!
! Extra alignment tab has been changed to \cr.
<recently read> \endtemplate 
                             
l.442 ...定：哪些虚假陈述构成"重大" & 申请证监会出具虚假陈述内容的"重大性"认定函 &
                                                   中 \\
You have given more \span or & marks than there were
in the preamble to the \halign or \valign now in progress.
So I'll assume that you meant to type \cr instead.

! Extra alignment tab has been changed to \cr.
<recently read> \endtemplate 
                             
l.443 ...& 机构投资者尽职调查义务是否影响信赖推定 & 调取持有人名单；评估投资者结构 &
                                                   中 \\
You have given more \span or & marks than there were
in the preamble to the \halign or \valign now in progress.
So I'll assume that you meant to type \cr instead.

Missing character: There is no T ("54) in font nullfont!
Missing character: There is no a ("61) in font nullfont!
Missing character: There is no b ("62) in font nullfont!
Missing character: There is no l ("6C) in font nullfont!
Missing character: There is no e ("65) in font nullfont!
Missing character: There is no 1 ("31) in font nullfont!
Missing character: There is no 3 ("33) in font nullfont!
Missing character: There is no T ("54) in font nullfont!
Missing character: There is no a ("61) in font nullfont!
Missing character: There is no b ("62) in font nullfont!
Missing character: There is no l ("6C) in font nullfont!
Missing character: There is no e ("65) in font nullfont!
Missing character: There is no 1 ("31) in font nullfont!
Missing character: There is no 3 ("33) in font nullfont!
Missing character: There is no T ("54) in font nullfont!
Missing character: There is no a ("61) in font nullfont!
Missing character: There is no b ("62) in font nullfont!
Missing character: There is no l ("6C) in font nullfont!
Missing character: There is no e ("65) in font nullfont!
Missing character: There is no 1 ("31) in font nullfont!
Missing character: There is no 3 ("33) in font nullfont!
Missing character: There is no T ("54) in font nullfont!
Missing character: There is no a ("61) in font nullfont!
Missing character: There is no b ("62) in font nullfont!
Missing character: There is no l ("6C) in font nullfont!
Missing character: There is no e ("65) in font nullfont!
Missing character: There is no 1 ("31) in font nullfont!
Missing character: There is no 3 ("33) in font nullfont!
Missing character: There is no 2 ("32) in font nullfont!
Missing character: There is no 0 ("30) in font nullfont!
Missing character: There is no 2 ("32) in font nullfont!
Missing character: There is no 6 ("36) in font nullfont!
Missing character: There is no 8 ("38) in font nullfont!
Missing character: There is no 2 ("32) in font nullfont!
Missing character: There is no 2 ("32) in font nullfont!

Package fancyhdr Warning: \headheight is too small (12.0pt): 
(fancyhdr)                Make it at least 12.4pt, for example:
(fancyhdr)                \setlength{\headheight}{12.4pt}.
(fancyhdr)                You might also make \topmargin smaller to compensate:

(fancyhdr)                \addtolength{\topmargin}{-0.4pt}.

! Undefined control sequence.
\f@nch@ocf ...11pt}\selectfont 机密\quad 第\thepage页 
                                                  \strut 
l.447 \subsection{手册五：洗钱罪（§191）}
                                
The control sequence at the end of the top line
of your error message was never \def'ed. If you have
misspelled it (e.g., `\hobx'), type `I' and the correct
spelling (e.g., `I\hbox'). Otherwise just continue,
and I'll forget about whatever was undefined.

[22]
Missing character: There is no 7 ("37) in font nullfont!
Missing character: There is no . ("2E) in font nullfont!
Missing character: There is no 5 ("35) in font nullfont!
Missing character: There is no § ("A7) in font nullfont!
Missing character: There is no 1 ("31) in font nullfont!
Missing character: There is no 9 ("39) in font nullfont!
Missing character: There is no 1 ("31) in font nullfont!
Missing character: There is no B ("42) in font nullfont!
Missing character: There is no V ("56) in font nullfont!
Missing character: There is no I ("49) in font nullfont!
Missing character: There is no / ("2F) in font nullfont!
Missing character: There is no B ("42) in font nullfont!
Missing character: There is no V ("56) in font nullfont!
Missing character: There is no I ("49) in font nullfont!
! Extra alignment tab has been changed to \cr.
<recently read> \endtemplate 
                             
l.454 ...公司实际控制人与丁玉梅的关联证明 & 通过司法协助获取BVI公司受益所有人信息 &
                                                   极高 \\
You have given more \span or & marks than there were
in the preamble to the \halign or \valign now in progress.
So I'll assume that you meant to type \cr instead.

! Extra alignment tab has been changed to \cr.
<recently read> \endtemplate 
                             
l.455 ...产转移是否具有共同故意 & 调取丁玉梅与许家印的通讯记录；家庭共同决策相关证据 &
                                                   极高 \\
You have given more \span or & marks than there were
in the preamble to the \halign or \valign now in progress.
So I'll assume that you meant to type \cr instead.

Missing character: There is no B ("42) in font nullfont!
Missing character: There is no V ("56) in font nullfont!
Missing character: There is no I ("49) in font nullfont!
Missing character: There is no B ("42) in font nullfont!
Missing character: There is no V ("56) in font nullfont!
Missing character: There is no I ("49) in font nullfont!
! Extra alignment tab has been changed to \cr.
<recently read> \endtemplate 
                             
l.456 ...垒） & 向香港、新加坡、英国申请司法协助；申请对BVI公司银行账户的法院令状 &
                                                   极高 \\
You have given more \span or & marks than there were
in the preamble to the \halign or \valign now in progress.
So I'll assume that you meant to type \cr instead.

! Extra alignment tab has been changed to \cr.
<recently read> \endtemplate 
                             
l.457 ...害 & 上游犯罪判决对洗钱罪的预决效力 & 确保非法吸存罪等上游犯罪判决已生效 &
                                                   低 \\
You have given more \span or & marks than there were
in the preamble to the \halign or \valign now in progress.
So I'll assume that you meant to type \cr instead.

Missing character: There is no T ("54) in font nullfont!
Missing character: There is no a ("61) in font nullfont!
Missing character: There is no b ("62) in font nullfont!
Missing character: There is no l ("6C) in font nullfont!
Missing character: There is no e ("65) in font nullfont!
Missing character: There is no 1 ("31) in font nullfont!
Missing character: There is no 4 ("34) in font nullfont!
Missing character: There is no T ("54) in font nullfont!
Missing character: There is no a ("61) in font nullfont!
Missing character: There is no b ("62) in font nullfont!
Missing character: There is no l ("6C) in font nullfont!
Missing character: There is no e ("65) in font nullfont!
Missing character: There is no 1 ("31) in font nullfont!
Missing character: There is no 4 ("34) in font nullfont!
Missing character: There is no T ("54) in font nullfont!
Missing character: There is no a ("61) in font nullfont!
Missing character: There is no b ("62) in font nullfont!
Missing character: There is no l ("6C) in font nullfont!
Missing character: There is no e ("65) in font nullfont!
Missing character: There is no 1 ("31) in font nullfont!
Missing character: There is no 4 ("34) in font nullfont!
Missing character: There is no T ("54) in font nullfont!
Missing character: There is no a ("61) in font nullfont!
Missing character: There is no b ("62) in font nullfont!
Missing character: There is no l ("6C) in font nullfont!
Missing character: There is no e ("65) in font nullfont!
Missing character: There is no 1 ("31) in font nullfont!
Missing character: There is no 4 ("34) in font nullfont!
Missing character: There is no 2 ("32) in font nullfont!
Missing character: There is no 0 ("30) in font nullfont!
Missing character: There is no 2 ("32) in font nullfont!
Missing character: There is no 6 ("36) in font nullfont!
Missing character: There is no 8 ("38) in font nullfont!
Missing character: There is no 2 ("32) in font nullfont!
Missing character: There is no 3 ("33) in font nullfont!

Package fancyhdr Warning: \headheight is too small (12.0pt): 
(fancyhdr)                Make it at least 12.4pt, for example:
(fancyhdr)                \setlength{\headheight}{12.4pt}.
(fancyhdr)                You might also make \topmargin smaller to compensate:

(fancyhdr)                \addtolength{\topmargin}{-0.4pt}.

! Undefined control sequence.
\f@nch@ocf ...11pt}\selectfont 机密\quad 第\thepage页 
                                                  \strut 
l.461 \subsection{手册六：背信损害上市公司利益罪（§169之二）}
                                          
The control sequence at the end of the top line
of your error message was never \def'ed. If you have
misspelled it (e.g., `\hobx'), type `I' and the correct
spelling (e.g., `I\hbox'). Otherwise just continue,
and I'll forget about whatever was undefined.

[23]
Missing character: There is no 7 ("37) in font nullfont!
Missing character: There is no . ("2E) in font nullfont!
Missing character: There is no 6 ("36) in font nullfont!
Missing character: There is no § ("A7) in font nullfont!
Missing character: There is no 1 ("31) in font nullfont!
Missing character: There is no 6 ("36) in font nullfont!
Missing character: There is no 9 ("39) in font nullfont!
Missing character: There is no 0 ("30) in font nullfont!
Missing character: There is no 6 ("36) in font nullfont!
Missing character: There is no 6 ("36) in font nullfont!
Missing character: There is no 6 ("36) in font nullfont!
Missing character: There is no . ("2E) in font nullfont!
Missing character: There is no H ("48) in font nullfont!
Missing character: There is no K ("4B) in font nullfont!
Missing character: There is no 6 ("36) in font nullfont!
Missing character: There is no 0 ("30) in font nullfont!
Missing character: There is no % ("25) in font nullfont!
Missing character: There is no " ("22) in font nullfont!
Missing character: There is no " ("22) in font nullfont!

Underfull \hbox (badness 2351) in paragraph at lines 468--468
[]|\TU/NotoSansCJKSC(0)/m/n/10.95 港 交 所 披
 []

! Extra alignment tab has been changed to \cr.
<recently read> \endtemplate 
                             
l.468 ...恒大地产的"控制"关系 & 港交所披露的股权信息；恒大地产公告中的关联关系披露 &
                                                   低 \\
You have given more \span or & marks than there were
in the preamble to the \halign or \valign now in progress.
So I'll assume that you meant to type \cr instead.

Missing character: There is no " ("22) in font nullfont!
Missing character: There is no " ("22) in font nullfont!
Missing character: There is no / ("2F) in font nullfont!
! Extra alignment tab has been changed to \cr.
<recently read> \endtemplate 
                             
l.469 ..."的主观故意证明 & 调取恒大集团党委会/董事会涉及恒大地产关联交易的会议记录 &
                                                   高 \\
You have given more \span or & marks than there were
in the preamble to the \halign or \valign now in progress.
So I'll assume that you meant to type \cr instead.

Missing character: There is no " ("22) in font nullfont!
Missing character: There is no " ("22) in font nullfont!
! Extra alignment tab has been changed to \cr.
<recently read> \endtemplate 
                             
l.470 ...关联交易"不公平性"的量化证明 & 申请独立财务顾问出具关联交易定价合理性意见 &
                                                   中 \\
You have given more \span or & marks than there were
in the preamble to the \halign or \valign now in progress.
So I'll assume that you meant to type \cr instead.

! Extra alignment tab has been changed to \cr.
<recently read> \endtemplate 
                             
l.471 ...关联交易之间的因果关系 & 引用香港证监会调查结论；参照内地证监会行政处罚决定 &
                                                   中 \\
You have given more \span or & marks than there were
in the preamble to the \halign or \valign now in progress.
So I'll assume that you meant to type \cr instead.

Missing character: There is no T ("54) in font nullfont!
Missing character: There is no a ("61) in font nullfont!
Missing character: There is no b ("62) in font nullfont!
Missing character: There is no l ("6C) in font nullfont!
Missing character: There is no e ("65) in font nullfont!
Missing character: There is no 1 ("31) in font nullfont!
Missing character: There is no 5 ("35) in font nullfont!
Missing character: There is no T ("54) in font nullfont!
Missing character: There is no a ("61) in font nullfont!
Missing character: There is no b ("62) in font nullfont!
Missing character: There is no l ("6C) in font nullfont!
Missing character: There is no e ("65) in font nullfont!
Missing character: There is no 1 ("31) in font nullfont!
Missing character: There is no 5 ("35) in font nullfont!
Missing character: There is no T ("54) in font nullfont!
Missing character: There is no a ("61) in font nullfont!
Missing character: There is no b ("62) in font nullfont!
Missing character: There is no l ("6C) in font nullfont!
Missing character: There is no e ("65) in font nullfont!
Missing character: There is no 1 ("31) in font nullfont!
Missing character: There is no 5 ("35) in font nullfont!
Missing character: There is no T ("54) in font nullfont!
Missing character: There is no a ("61) in font nullfont!
Missing character: There is no b ("62) in font nullfont!
Missing character: There is no l ("6C) in font nullfont!
Missing character: There is no e ("65) in font nullfont!
Missing character: There is no 1 ("31) in font nullfont!
Missing character: There is no 5 ("35) in font nullfont!
Missing character: There is no 2 ("32) in font nullfont!
Missing character: There is no 0 ("30) in font nullfont!
Missing character: There is no 2 ("32) in font nullfont!
Missing character: There is no 6 ("36) in font nullfont!
Missing character: There is no 8 ("38) in font nullfont!
Missing character: There is no 2 ("32) in font nullfont!
Missing character: There is no 4 ("34) in font nullfont!

Package fancyhdr Warning: \headheight is too small (12.0pt): 
(fancyhdr)                Make it at least 12.4pt, for example:
(fancyhdr)                \setlength{\headheight}{12.4pt}.
(fancyhdr)                You might also make \topmargin smaller to compensate:

(fancyhdr)                \addtolength{\topmargin}{-0.4pt}.

! Undefined control sequence.
\f@nch@ocf ...11pt}\selectfont 机密\quad 第\thepage页 
                                                  \strut 
l.475 \section{未调取证据清单——优先级矩阵}
                              
The control sequence at the end of the top line
of your error message was never \def'ed. If you have
misspelled it (e.g., `\hobx'), type `I' and the correct
spelling (e.g., `I\hbox'). Otherwise just continue,
and I'll forget about whatever was undefined.

[24]
Missing character: There is no 8 ("38) in font nullfont!
Missing character: There is no / ("2F) in font nullfont!
Missing character: There is no B ("42) in font nullfont!
Missing character: There is no V ("56) in font nullfont!
Missing character: There is no I ("49) in font nullfont!
Missing character: There is no ⭐ ("2B50) in font nullfont!
Missing character: There is no ⭐ ("2B50) in font nullfont!
Missing character: There is no ⭐ ("2B50) in font nullfont!
Missing character: There is no ⭐ ("2B50) in font nullfont!
Missing character: There is no ⭐ ("2B50) in font nullfont!
Missing character: There is no ⭐ ("2B50) in font nullfont!
Missing character: There is no ⭐ ("2B50) in font nullfont!
Missing character: There is no ⭐ ("2B50) in font nullfont!
Missing character: There is no ⭐ ("2B50) in font nullfont!
Missing character: There is no ⭐ ("2B50) in font nullfont!
Missing character: There is no B ("42) in font nullfont!
Missing character: There is no V ("56) in font nullfont!
Missing character: There is no I ("49) in font nullfont!
Missing character: There is no F ("46) in font nullfont!
Missing character: There is no S ("53) in font nullfont!
Missing character: There is no C ("43) in font nullfont!
Missing character: There is no / ("2F) in font nullfont!
Missing character: There is no C ("43) in font nullfont!
Missing character: There is no I ("49) in font nullfont!
Missing character: There is no M ("4D) in font nullfont!
Missing character: There is no A ("41) in font nullfont!
Missing character: There is no / ("2F) in font nullfont!
Missing character: There is no S ("53) in font nullfont!
Missing character: There is no i ("69) in font nullfont!
Missing character: There is no g ("67) in font nullfont!
Missing character: There is no n ("6E) in font nullfont!
Missing character: There is no a ("61) in font nullfont!
Missing character: There is no l ("6C) in font nullfont!
Missing character: There is no W ("57) in font nullfont!
Missing character: There is no h ("68) in font nullfont!
Missing character: There is no a ("61) in font nullfont!
Missing character: There is no t ("74) in font nullfont!
Missing character: There is no s ("73) in font nullfont!
Missing character: There is no A ("41) in font nullfont!
Missing character: There is no p ("70) in font nullfont!
Missing character: There is no p ("70) in font nullfont!
Missing character: There is no ⭐ ("2B50) in font nullfont!
Missing character: There is no ⭐ ("2B50) in font nullfont!
Missing character: There is no ⭐ ("2B50) in font nullfont!
Missing character: There is no ⭐ ("2B50) in font nullfont!
Missing character: There is no P ("50) in font nullfont!
Missing character: There is no w ("77) in font nullfont!
Missing character: There is no C ("43) in font nullfont!
Missing character: There is no ⭐ ("2B50) in font nullfont!
Missing character: There is no ⭐ ("2B50) in font nullfont!
Missing character: There is no ⭐ ("2B50) in font nullfont!
Missing character: There is no ⭐ ("2B50) in font nullfont!
Missing character: There is no ⭐ ("2B50) in font nullfont!
Missing character: There is no ⭐ ("2B50) in font nullfont!
Missing character: There is no ⭐ ("2B50) in font nullfont!
Missing character: There is no ⭐ ("2B50) in font nullfont!
Missing character: There is no ⭐ ("2B50) in font nullfont!
Missing character: There is no ⭐ ("2B50) in font nullfont!
Missing character: There is no ⭐ ("2B50) in font nullfont!
Missing character: There is no ⭐ ("2B50) in font nullfont!
Missing character: There is no ⭐ ("2B50) in font nullfont!
Missing character: There is no ⭐ ("2B50) in font nullfont!
Missing character: There is no ⭐ ("2B50) in font nullfont!
Missing character: There is no ⭐ ("2B50) in font nullfont!
Missing character: There is no ⭐ ("2B50) in font nullfont!
Missing character: There is no ⭐ ("2B50) in font nullfont!
Missing character: There is no ⭐ ("2B50) in font nullfont!
Missing character: There is no ⭐ ("2B50) in font nullfont!
Missing character: There is no ⭐ ("2B50) in font nullfont!
Missing character: There is no p ("70) in font nullfont!
Missing character: There is no r ("72) in font nullfont!
Missing character: There is no o ("6F) in font nullfont!
Missing character: There is no s ("73) in font nullfont!
Missing character: There is no p ("70) in font nullfont!
Missing character: There is no e ("65) in font nullfont!
Missing character: There is no c ("63) in font nullfont!
Missing character: There is no t ("74) in font nullfont!
Missing character: There is no u ("75) in font nullfont!
Missing character: There is no s ("73) in font nullfont!
Missing character: There is no ⭐ ("2B50) in font nullfont!
Missing character: There is no ⭐ ("2B50) in font nullfont!
Missing character: There is no ⭐ ("2B50) in font nullfont!
Missing character: There is no S ("53) in font nullfont!
Missing character: There is no E ("45) in font nullfont!
Missing character: There is no C ("43) in font nullfont!
Missing character: There is no E ("45) in font nullfont!
Missing character: There is no D ("44) in font nullfont!
Missing character: There is no G ("47) in font nullfont!
Missing character: There is no A ("41) in font nullfont!
Missing character: There is no R ("52) in font nullfont!
Missing character: There is no ⭐ ("2B50) in font nullfont!
Missing character: There is no ⭐ ("2B50) in font nullfont!
Missing character: There is no ⭐ ("2B50) in font nullfont!
Missing character: There is no T ("54) in font nullfont!
Missing character: There is no a ("61) in font nullfont!
Missing character: There is no b ("62) in font nullfont!
Missing character: There is no l ("6C) in font nullfont!
Missing character: There is no e ("65) in font nullfont!
Missing character: There is no 1 ("31) in font nullfont!
Missing character: There is no 6 ("36) in font nullfont!
Missing character: There is no T ("54) in font nullfont!
Missing character: There is no a ("61) in font nullfont!
Missing character: There is no b ("62) in font nullfont!
Missing character: There is no l ("6C) in font nullfont!
Missing character: There is no e ("65) in font nullfont!
Missing character: There is no 1 ("31) in font nullfont!
Missing character: There is no 6 ("36) in font nullfont!
Missing character: There is no T ("54) in font nullfont!
Missing character: There is no a ("61) in font nullfont!
Missing character: There is no b ("62) in font nullfont!
Missing character: There is no l ("6C) in font nullfont!
Missing character: There is no e ("65) in font nullfont!
Missing character: There is no 1 ("31) in font nullfont!
Missing character: There is no 6 ("36) in font nullfont!
Missing character: There is no T ("54) in font nullfont!
Missing character: There is no a ("61) in font nullfont!
Missing character: There is no b ("62) in font nullfont!
Missing character: There is no l ("6C) in font nullfont!
Missing character: There is no e ("65) in font nullfont!
Missing character: There is no 1 ("31) in font nullfont!
Missing character: There is no 6 ("36) in font nullfont!
Missing character: There is no 2 ("32) in font nullfont!
Missing character: There is no 0 ("30) in font nullfont!
Missing character: There is no 2 ("32) in font nullfont!
Missing character: There is no 6 ("36) in font nullfont!
Missing character: There is no 8 ("38) in font nullfont!
Missing character: There is no 2 ("32) in font nullfont!
Missing character: There is no 5 ("35) in font nullfont!

Package fancyhdr Warning: \headheight is too small (12.0pt): 
(fancyhdr)                Make it at least 12.4pt, for example:
(fancyhdr)                \setlength{\headheight}{12.4pt}.
(fancyhdr)                You might also make \topmargin smaller to compensate:

(fancyhdr)                \addtolength{\topmargin}{-0.4pt}.

! Undefined control sequence.
\f@nch@ocf ...11pt}\selectfont 机密\quad 第\thepage页 
                                                  \strut 
l.495 \section{证据运用规则审查}
                        
The control sequence at the end of the top line
of your error message was never \def'ed. If you have
misspelled it (e.g., `\hobx'), type `I' and the correct
spelling (e.g., `I\hbox'). Otherwise just continue,
and I'll forget about whatever was undefined.

[25]
Missing character: There is no 9 ("39) in font nullfont!
Missing character: There is no 9 ("39) in font nullfont!
Missing character: There is no . ("2E) in font nullfont!
Missing character: There is no 1 ("31) in font nullfont!
Missing character: There is no / ("2F) in font nullfont!
Missing character: There is no / ("2F) in font nullfont!
Missing character: There is no / ("2F) in font nullfont!
Missing character: There is no § ("A7) in font nullfont!
Missing character: There is no 1 ("31) in font nullfont!
Missing character: There is no 5 ("35) in font nullfont!
Missing character: There is no 0 ("30) in font nullfont!
Missing character: There is no - ("2D) in font nullfont!
Missing character: There is no 1 ("31) in font nullfont!
Missing character: There is no 5 ("35) in font nullfont!
Missing character: There is no 3 ("33) in font nullfont!
Missing character: There is no H ("48) in font nullfont!
Missing character: There is no a ("61) in font nullfont!
Missing character: There is no s ("73) in font nullfont!
Missing character: There is no h ("68) in font nullfont!
Missing character: There is no / ("2F) in font nullfont!
Missing character: There is no § ("A7) in font nullfont!
Missing character: There is no 1 ("31) in font nullfont!
Missing character: There is no 0 ("30) in font nullfont!
Missing character: There is no 1 ("31) in font nullfont!
Missing character: There is no " ("22) in font nullfont!
Missing character: There is no " ("22) in font nullfont!
Missing character: There is no T ("54) in font nullfont!
Missing character: There is no a ("61) in font nullfont!
Missing character: There is no b ("62) in font nullfont!
Missing character: There is no l ("6C) in font nullfont!
Missing character: There is no e ("65) in font nullfont!
Missing character: There is no 1 ("31) in font nullfont!
Missing character: There is no 7 ("37) in font nullfont!
Missing character: There is no T ("54) in font nullfont!
Missing character: There is no a ("61) in font nullfont!
Missing character: There is no b ("62) in font nullfont!
Missing character: There is no l ("6C) in font nullfont!
Missing character: There is no e ("65) in font nullfont!
Missing character: There is no 1 ("31) in font nullfont!
Missing character: There is no 7 ("37) in font nullfont!
Missing character: There is no T ("54) in font nullfont!
Missing character: There is no a ("61) in font nullfont!
Missing character: There is no b ("62) in font nullfont!
Missing character: There is no l ("6C) in font nullfont!
Missing character: There is no e ("65) in font nullfont!
Missing character: There is no 1 ("31) in font nullfont!
Missing character: There is no 7 ("37) in font nullfont!
Missing character: There is no T ("54) in font nullfont!
Missing character: There is no a ("61) in font nullfont!
Missing character: There is no b ("62) in font nullfont!
Missing character: There is no l ("6C) in font nullfont!
Missing character: There is no e ("65) in font nullfont!
Missing character: There is no 1 ("31) in font nullfont!
Missing character: There is no 7 ("37) in font nullfont!
Missing character: There is no 9 ("39) in font nullfont!
Missing character: There is no 7 ("37) in font nullfont!
Missing character: There is no 2 ("32) in font nullfont!
Missing character: There is no 0 ("30) in font nullfont!
Missing character: There is no 2 ("32) in font nullfont!
Missing character: There is no 6 ("36) in font nullfont!
Missing character: There is no 8 ("38) in font nullfont!
Missing character: There is no 2 ("32) in font nullfont!
Missing character: There is no 6 ("36) in font nullfont!

Package fancyhdr Warning: \headheight is too small (12.0pt): 
(fancyhdr)                Make it at least 12.4pt, for example:
(fancyhdr)                \setlength{\headheight}{12.4pt}.
(fancyhdr)                You might also make \topmargin smaller to compensate:

(fancyhdr)                \addtolength{\topmargin}{-0.4pt}.

! Undefined control sequence.
\f@nch@ocf ...11pt}\selectfont 机密\quad 第\thepage页 
                                                  \strut 
l.513 \newpage
              \part{第四卷：国内外类案穷尽研究}
The control sequence at the end of the top line
of your error message was never \def'ed. If you have
misspelled it (e.g., `\hobx'), type `I' and the correct
spelling (e.g., `I\hbox'). Otherwise just continue,
and I'll forget about whatever was undefined.

[26]
Missing character: There is no 2 ("32) in font nullfont!
Missing character: There is no 0 ("30) in font nullfont!
Missing character: There is no 2 ("32) in font nullfont!
Missing character: There is no 6 ("36) in font nullfont!
Missing character: There is no 8 ("38) in font nullfont!
Missing character: There is no 2 ("32) in font nullfont!
Missing character: There is no 7 ("37) in font nullfont!

Package fancyhdr Warning: \headheight is too small (12.0pt): 
(fancyhdr)                Make it at least 12.4pt, for example:
(fancyhdr)                \setlength{\headheight}{12.4pt}.
(fancyhdr)                You might also make \topmargin smaller to compensate:

(fancyhdr)                \addtolength{\topmargin}{-0.4pt}.

! Undefined control sequence.
\f@nch@ocf ...11pt}\selectfont 机密\quad 第\thepage页 
                                                  \strut 
l.513 \newpage
              \part{第四卷：国内外类案穷尽研究}
The control sequence at the end of the top line
of your error message was never \def'ed. If you have
misspelled it (e.g., `\hobx'), type `I' and the correct
spelling (e.g., `I\hbox'). Otherwise just continue,
and I'll forget about whatever was undefined.

[27]
Missing character: There is no P ("50) in font nullfont!
Missing character: There is no a ("61) in font nullfont!
Missing character: There is no r ("72) in font nullfont!
Missing character: There is no t ("74) in font nullfont!
Missing character: There is no I ("49) in font nullfont!
Missing character: There is no V ("56) in font nullfont!
Missing character: There is no 1 ("31) in font nullfont!
Missing character: There is no 0 ("30) in font nullfont!
Missing character: There is no 1 ("31) in font nullfont!
Missing character: There is no 0 ("30) in font nullfont!
Missing character: There is no . ("2E) in font nullfont!
Missing character: There is no 1 ("31) in font nullfont!
Missing character: There is no T ("54) in font nullfont!
Missing character: There is no a ("61) in font nullfont!
Missing character: There is no b ("62) in font nullfont!
Missing character: There is no l ("6C) in font nullfont!
Missing character: There is no e ("65) in font nullfont!
Missing character: There is no 1 ("31) in font nullfont!
Missing character: There is no 8 ("38) in font nullfont!
Missing character: There is no T ("54) in font nullfont!
Missing character: There is no a ("61) in font nullfont!
Missing character: There is no b ("62) in font nullfont!
Missing character: There is no l ("6C) in font nullfont!
Missing character: There is no e ("65) in font nullfont!
Missing character: There is no 1 ("31) in font nullfont!
Missing character: There is no 8 ("38) in font nullfont!
Missing character: There is no 2 ("32) in font nullfont!
Missing character: There is no 0 ("30) in font nullfont!
Missing character: There is no 1 ("31) in font nullfont!
Missing character: There is no 6 ("36) in font nullfont!
Missing character: There is no - ("2D) in font nullfont!
Missing character: There is no 2 ("32) in font nullfont!
Missing character: There is no 0 ("30) in font nullfont!
Missing character: There is no 2 ("32) in font nullfont!
Missing character: There is no 6 ("36) in font nullfont!
Missing character: There is no T ("54) in font nullfont!
Missing character: There is no a ("61) in font nullfont!
Missing character: There is no b ("62) in font nullfont!
Missing character: There is no l ("6C) in font nullfont!
Missing character: There is no e ("65) in font nullfont!
Missing character: There is no 1 ("31) in font nullfont!
Missing character: There is no 8 ("38) in font nullfont!
Missing character: There is no T ("54) in font nullfont!
Missing character: There is no a ("61) in font nullfont!
Missing character: There is no b ("62) in font nullfont!
Missing character: There is no l ("6C) in font nullfont!
Missing character: There is no e ("65) in font nullfont!
Missing character: There is no 1 ("31) in font nullfont!
Missing character: There is no 8 ("38) in font nullfont!
Missing character: There is no 2 ("32) in font nullfont!
Missing character: There is no 0 ("30) in font nullfont!
Missing character: There is no 1 ("31) in font nullfont!
Missing character: There is no 6 ("36) in font nullfont!
Missing character: There is no - ("2D) in font nullfont!
Missing character: There is no 2 ("32) in font nullfont!
Missing character: There is no 0 ("30) in font nullfont!
Missing character: There is no 2 ("32) in font nullfont!
Missing character: There is no 6 ("36) in font nullfont!
Missing character: There is no / ("2F) in font nullfont!

Overfull \hbox (12.86806pt too wide) in alignment at lines 516--522
 [] [] [] [] [] [] [] 
 []

Missing character: There is no / ("2F) in font nullfont!

Overfull \hbox (12.86806pt too wide) in alignment at lines 522--526
 [] [] [] [] [] [] [] 
 []


Overfull \hbox (12.86806pt too wide) in alignment at lines 526--528
 [] [] [] [] [] [] [] 
 []

Missing character: There is no / ("2F) in font nullfont!
Missing character: There is no 8 ("38) in font nullfont!
Missing character: There is no 2 ("32) in font nullfont!
Missing character: There is no + ("2B) in font nullfont!
Missing character: There is no 2 ("32) in font nullfont!
Missing character: There is no 0 ("30) in font nullfont!
Missing character: There is no 2 ("32) in font nullfont!
Missing character: There is no 6 ("36) in font nullfont!
Missing character: There is no . ("2E) in font nullfont!
Missing character: There is no 8 ("38) in font nullfont!
Missing character: There is no / ("2F) in font nullfont!
Missing character: There is no 4 ("34) in font nullfont!
Missing character: There is no 1 ("31) in font nullfont!
Missing character: There is no 3 ("33) in font nullfont!
Missing character: There is no 3 ("33) in font nullfont!
Missing character: There is no 1 ("31) in font nullfont!
Missing character: There is no 1 ("31) in font nullfont!
Missing character: There is no 6 ("36) in font nullfont!
Missing character: There is no + ("2B) in font nullfont!
Missing character: There is no 3 ("33) in font nullfont!
Missing character: There is no 3 ("33) in font nullfont!
Missing character: There is no 9 ("39) in font nullfont!
Missing character: There is no 5 ("35) in font nullfont!
Missing character: There is no 5 ("35) in font nullfont!
Missing character: There is no 5 ("35) in font nullfont!
Missing character: There is no 0 ("30) in font nullfont!
Missing character: There is no . ("2E) in font nullfont!
Missing character: There is no 3 ("33) in font nullfont!
Missing character: There is no ( ("28) in font nullfont!
Missing character: There is no 2 ("32) in font nullfont!
Missing character: There is no 0 ("30) in font nullfont!
Missing character: There is no 2 ("32) in font nullfont!
Missing character: There is no 2 ("32) in font nullfont!
Missing character: There is no ) ("29) in font nullfont!
Missing character: There is no 0 ("30) in font nullfont!
Missing character: There is no 1 ("31) in font nullfont!
Missing character: There is no 7 ("37) in font nullfont!
Missing character: There is no 6 ("36) in font nullfont!
Missing character: There is no / ("2F) in font nullfont!
Missing character: There is no 2 ("32) in font nullfont!
Missing character: There is no + ("2B) in font nullfont!
Missing character: There is no 1 ("31) in font nullfont!
Missing character: There is no 0 ("30) in font nullfont!
Missing character: There is no 5 ("35) in font nullfont!
Missing character: There is no 6 ("36) in font nullfont!
Missing character: There is no 5 ("35) in font nullfont!
Missing character: There is no 2 ("32) in font nullfont!
Missing character: There is no 6 ("36) in font nullfont!
Missing character: There is no 0 ("30) in font nullfont!
Missing character: There is no 8 ("38) in font nullfont!
Missing character: There is no ( ("28) in font nullfont!
Missing character: There is no 2 ("32) in font nullfont!
Missing character: There is no 0 ("30) in font nullfont!
Missing character: There is no 1 ("31) in font nullfont!
Missing character: There is no 8 ("38) in font nullfont!
Missing character: There is no ) ("29) in font nullfont!
Missing character: There is no 0 ("30) in font nullfont!
Missing character: There is no 1 ("31) in font nullfont!
Missing character: There is no 5 ("35) in font nullfont!
Missing character: There is no 0 ("30) in font nullfont!
Missing character: There is no / ("2F) in font nullfont!
Missing character: There is no 3 ("33) in font nullfont!
Missing character: There is no 1 ("31) in font nullfont!
Missing character: There is no 2 ("32) in font nullfont!
Missing character: There is no 1 ("31) in font nullfont!
Missing character: There is no . ("2E) in font nullfont!
Missing character: There is no 1 ("31) in font nullfont!
Missing character: There is no 2 ("32) in font nullfont!
Missing character: There is no 0 ("30) in font nullfont!
Missing character: There is no 2 ("32) in font nullfont!
Missing character: There is no 5 ("35) in font nullfont!
Missing character: There is no . ("2E) in font nullfont!
Missing character: There is no 7 ("37) in font nullfont!
Missing character: There is no / ("2F) in font nullfont!
Missing character: There is no 2 ("32) in font nullfont!
Missing character: There is no 8 ("38) in font nullfont!
Missing character: There is no 4 ("34) in font nullfont!
Missing character: There is no 5 ("35) in font nullfont!
Missing character: There is no 0 ("30) in font nullfont!
Missing character: There is no + ("2B) in font nullfont!
Missing character: There is no 9 ("39) in font nullfont!
Missing character: There is no 8 ("38) in font nullfont!
Missing character: There is no 2 ("32) in font nullfont!
Missing character: There is no 0 ("30) in font nullfont!
Missing character: There is no 0 ("30) in font nullfont!
Missing character: There is no 6 ("36) in font nullfont!
Missing character: There is no . ("2E) in font nullfont!
Missing character: There is no 4 ("34) in font nullfont!
Missing character: There is no e ("65) in font nullfont!
Missing character: There is no / ("2F) in font nullfont!
Missing character: There is no 4 ("34) in font nullfont!
Missing character: There is no 7 ("37) in font nullfont!
Missing character: There is no 6 ("36) in font nullfont!
Missing character: There is no 2 ("32) in font nullfont!
Missing character: There is no ( ("28) in font nullfont!
Missing character: There is no ) ("29) in font nullfont!
Missing character: There is no / ("2F) in font nullfont!
Missing character: There is no 3 ("33) in font nullfont!
Missing character: There is no 8 ("38) in font nullfont!
Missing character: There is no 0 ("30) in font nullfont!
Missing character: There is no ( ("28) in font nullfont!
Missing character: There is no ) ("29) in font nullfont!
Missing character: There is no 1 ("31) in font nullfont!
Missing character: There is no 4 ("34) in font nullfont!
Missing character: There is no - ("2D) in font nullfont!
Missing character: There is no 2 ("32) in font nullfont!
Missing character: There is no 0 ("30) in font nullfont!
Missing character: There is no % ("25) in font nullfont!
Missing character: There is no ( ("28) in font nullfont!
Missing character: There is no 2 ("32) in font nullfont!
Missing character: There is no 0 ("30) in font nullfont!
Missing character: There is no 1 ("31) in font nullfont!
Missing character: There is no 7 ("37) in font nullfont!
Missing character: There is no ) ("29) in font nullfont!
Missing character: There is no 0 ("30) in font nullfont!
Missing character: There is no 1 ("31) in font nullfont!
Missing character: There is no 9 ("39) in font nullfont!
Missing character: There is no 3 ("33) in font nullfont!
Missing character: There is no / ("2F) in font nullfont!
Missing character: There is no 1 ("31) in font nullfont!
Missing character: There is no 7 ("37) in font nullfont!
Missing character: There is no 0 ("30) in font nullfont!
Missing character: There is no 0 ("30) in font nullfont!
Missing character: There is no 2 ("32) in font nullfont!
Missing character: There is no 0 ("30) in font nullfont!
Missing character: There is no 2 ("32) in font nullfont!
Missing character: There is no 0 ("30) in font nullfont!
Missing character: There is no . ("2E) in font nullfont!
Missing character: There is no 7 ("37) in font nullfont!
Missing character: There is no / ("2F) in font nullfont!
Missing character: There is no 5 ("35) in font nullfont!
Missing character: There is no → ("2192) in font nullfont!
Missing character: There is no 2 ("32) in font nullfont!
Missing character: There is no 0 ("30) in font nullfont!
Missing character: There is no 2 ("32) in font nullfont!
Missing character: There is no 2 ("32) in font nullfont!
Missing character: There is no / ("2F) in font nullfont!
Missing character: There is no 2 ("32) in font nullfont!
Missing character: There is no → ("2192) in font nullfont!
Missing character: There is no 2 ("32) in font nullfont!
Missing character: There is no 0 ("30) in font nullfont!
Missing character: There is no 2 ("32) in font nullfont!
Missing character: There is no 3 ("33) in font nullfont!
Missing character: There is no . ("2E) in font nullfont!
Missing character: There is no 1 ("31) in font nullfont!
Missing character: There is no 1 ("31) in font nullfont!
Missing character: There is no / ("2F) in font nullfont!
Missing character: There is no 1 ("31) in font nullfont!
Missing character: There is no 1 ("31) in font nullfont!
Missing character: There is no 5 ("35) in font nullfont!
Missing character: There is no 2 ("32) in font nullfont!
Missing character: There is no 0 ("30) in font nullfont!
Missing character: There is no 1 ("31) in font nullfont!
Missing character: There is no 8 ("38) in font nullfont!
Missing character: There is no . ("2E) in font nullfont!
Missing character: There is no 6 ("36) in font nullfont!
Missing character: There is no / ("2F) in font nullfont!
Missing character: There is no + ("2B) in font nullfont!

Underfull \hbox (badness 3354) in paragraph at lines 541--541
[]|\TU/NotoSansCJKSC(0)/m/n/10.95 行 政 处
 []

Missing character: There is no + ("2B) in font nullfont!
Missing character: There is no 2 ("32) in font nullfont!
Missing character: There is no 0 ("30) in font nullfont!
Missing character: There is no . ("2E) in font nullfont!
Missing character: There is no 4 ("34) in font nullfont!
Missing character: There is no 0 ("30) in font nullfont!
Missing character: There is no ( ("28) in font nullfont!
Missing character: There is no ) ("29) in font nullfont!
Missing character: There is no 2 ("32) in font nullfont!
Missing character: There is no 0 ("30) in font nullfont!
Missing character: There is no 2 ("32) in font nullfont!
Missing character: There is no 1 ("31) in font nullfont!
Missing character: There is no / ("2F) in font nullfont!
Missing character: There is no 3 ("33) in font nullfont!
Missing character: There is no 1 ("31) in font nullfont!
Missing character: There is no 2 ("32) in font nullfont!
Missing character: There is no 8 ("38) in font nullfont!
Missing character: There is no 8 ("38) in font nullfont!
Missing character: There is no 7 ("37) in font nullfont!
Missing character: There is no 1 ("31) in font nullfont!
Missing character: There is no 0 ("30) in font nullfont!
Missing character: There is no 0 ("30) in font nullfont!
Missing character: There is no % ("25) in font nullfont!
Missing character: There is no ( ("28) in font nullfont!
Missing character: There is no ) ("29) in font nullfont!
Missing character: There is no 2 ("32) in font nullfont!
Missing character: There is no 0 ("30) in font nullfont!
Missing character: There is no 2 ("32) in font nullfont!
Missing character: There is no 1 ("31) in font nullfont!
Missing character: There is no . ("2E) in font nullfont!
Missing character: There is no 1 ("31) in font nullfont!
Missing character: There is no 1 ("31) in font nullfont!
Missing character: There is no / ("2F) in font nullfont!
Missing character: There is no 4 ("34) in font nullfont!
Missing character: There is no 1 ("31) in font nullfont!
Missing character: There is no 5 ("35) in font nullfont!
Missing character: There is no ( ("28) in font nullfont!
Missing character: There is no 2 ("32) in font nullfont!
Missing character: There is no 0 ("30) in font nullfont!
Missing character: There is no 2 ("32) in font nullfont!
Missing character: There is no 5 ("35) in font nullfont!
Missing character: There is no ) ("29) in font nullfont!
Missing character: There is no 1 ("31) in font nullfont!
Missing character: There is no 7 ("37) in font nullfont!
Missing character: There is no / ("2F) in font nullfont!
Missing character: There is no 4 ("34) in font nullfont!
Missing character: There is no 1 ("31) in font nullfont!
Missing character: There is no 5 ("35) in font nullfont!
Missing character: There is no 1 ("31) in font nullfont!
Missing character: There is no . ("2E) in font nullfont!
Missing character: There is no 3 ("33) in font nullfont!
Missing character: There is no + ("2B) in font nullfont!
Missing character: There is no 2 ("32) in font nullfont!
Missing character: There is no 4 ("34) in font nullfont!
Missing character: There is no 0 ("30) in font nullfont!
Missing character: There is no 0 ("30) in font nullfont!
Missing character: There is no → ("2192) in font nullfont!
Missing character: There is no 2 ("32) in font nullfont!
Missing character: There is no 0 ("30) in font nullfont!
Missing character: There is no 2 ("32) in font nullfont!
Missing character: There is no 3 ("33) in font nullfont!
Missing character: There is no 1 ("31) in font nullfont!
Missing character: There is no 5 ("35) in font nullfont!
Missing character: There is no 6 ("36) in font nullfont!
Missing character: There is no 9 ("39) in font nullfont!
Missing character: There is no 3 ("33) in font nullfont!
Missing character: There is no ( ("28) in font nullfont!
Missing character: There is no 2 ("32) in font nullfont!
Missing character: There is no 0 ("30) in font nullfont!
Missing character: There is no 1 ("31) in font nullfont!
Missing character: There is no 6 ("36) in font nullfont!
Missing character: There is no ) ("29) in font nullfont!
Missing character: There is no 0 ("30) in font nullfont!
Missing character: There is no 2 ("32) in font nullfont!
Missing character: There is no 1 ("31) in font nullfont!
Missing character: There is no 4 ("34) in font nullfont!
Missing character: There is no 8 ("38) in font nullfont!
Missing character: There is no 2 ("32) in font nullfont!
Missing character: There is no 4 ("34) in font nullfont!
Missing character: There is no 3 ("33) in font nullfont!
Missing character: There is no ( ("28) in font nullfont!
Missing character: There is no ) ("29) in font nullfont!
Missing character: There is no 1 ("31) in font nullfont!
Missing character: There is no 1 ("31) in font nullfont!
Missing character: There is no 3 ("33) in font nullfont!
Missing character: There is no 2 ("32) in font nullfont!
Missing character: There is no 0 ("30) in font nullfont!
Missing character: There is no 1 ("31) in font nullfont!
Missing character: There is no 9 ("39) in font nullfont!
Missing character: There is no 1 ("31) in font nullfont!
Missing character: There is no ( ("28) in font nullfont!
Missing character: There is no ) ("29) in font nullfont!
Missing character: There is no 5 ("35) in font nullfont!
Missing character: There is no ( ("28) in font nullfont!
Missing character: There is no ) ("29) in font nullfont!
Missing character: There is no 5 ("35) in font nullfont!
Missing character: There is no 1 ("31) in font nullfont!
Missing character: There is no ( ("28) in font nullfont!
Missing character: There is no 2 ("32) in font nullfont!
Missing character: There is no 0 ("30) in font nullfont!
Missing character: There is no 1 ("31) in font nullfont!
Missing character: There is no 8 ("38) in font nullfont!
Missing character: There is no ) ("29) in font nullfont!
Missing character: There is no 4 ("34) in font nullfont!
Missing character: There is no 3 ("33) in font nullfont!
Missing character: There is no 1 ("31) in font nullfont!
Missing character: There is no 4 ("34) in font nullfont!
Missing character: There is no 2 ("32) in font nullfont!
Missing character: There is no 0 ("30) in font nullfont!
Missing character: There is no 0 ("30) in font nullfont!
Missing character: There is no 8 ("38) in font nullfont!
Missing character: There is no 1 ("31) in font nullfont!
Missing character: There is no 3 ("33) in font nullfont!
Missing character: There is no 3 ("33) in font nullfont!
Missing character: There is no 7 ("37) in font nullfont!
Missing character: There is no 0 ("30) in font nullfont!
Missing character: There is no 0 ("30) in font nullfont!
Missing character: There is no 2 ("32) in font nullfont!
Missing character: There is no I ("49) in font nullfont!
Missing character: There is no P ("50) in font nullfont!
Missing character: There is no O ("4F) in font nullfont!
Missing character: There is no 2 ("32) in font nullfont!
Missing character: There is no . ("2E) in font nullfont!
Missing character: There is no 5 ("35) in font nullfont!
Missing character: There is no 7 ("37) in font nullfont!
Missing character: There is no ( ("28) in font nullfont!
Missing character: There is no ) ("29) in font nullfont!
Missing character: There is no 2 ("32) in font nullfont!
Missing character: There is no 0 ("30) in font nullfont!
Missing character: There is no 1 ("31) in font nullfont!
Missing character: There is no 6 ("36) in font nullfont!
Missing character: There is no 1 ("31) in font nullfont!
Missing character: There is no 9 ("39) in font nullfont!
Missing character: There is no 4 ("34) in font nullfont!
Missing character: There is no 0 ("30) in font nullfont!
Missing character: There is no 0 ("30) in font nullfont!
Missing character: There is no ( ("28) in font nullfont!
Missing character: There is no 3 ("33) in font nullfont!
Missing character: There is no ) ("29) in font nullfont!

Overfull \hbox (12.86806pt too wide) in alignment at lines 528--554
 [] [] [] [] [] [] [] 
 []

Missing character: There is no 2 ("32) in font nullfont!
Missing character: There is no 0 ("30) in font nullfont!
Missing character: There is no 2 ("32) in font nullfont!
Missing character: There is no 6 ("36) in font nullfont!
Missing character: There is no 8 ("38) in font nullfont!
Missing character: There is no 2 ("32) in font nullfont!
Missing character: There is no 8 ("38) in font nullfont!

Package fancyhdr Warning: \headheight is too small (12.0pt): 
(fancyhdr)                Make it at least 12.4pt, for example:
(fancyhdr)                \setlength{\headheight}{12.4pt}.
(fancyhdr)                You might also make \topmargin smaller to compensate:

(fancyhdr)                \addtolength{\topmargin}{-0.4pt}.

! Undefined control sequence.
\f@nch@ocf ...11pt}\selectfont 机密\quad 第\thepage页 
                                                  \strut 
l.554 \end{longtable}
                     
The control sequence at the end of the top line
of your error message was never \def'ed. If you have
misspelled it (e.g., `\hobx'), type `I' and the correct
spelling (e.g., `I\hbox'). Otherwise just continue,
and I'll forget about whatever was undefined.

[28]
Missing character: There is no 1 ("31) in font nullfont!
Missing character: There is no 0 ("30) in font nullfont!
Missing character: There is no . ("2E) in font nullfont!
Missing character: There is no 2 ("32) in font nullfont!
Missing character: There is no 1 ("31) in font nullfont!
Missing character: There is no 5 ("35) in font nullfont!
Missing character: There is no 1 ("31) in font nullfont!
Missing character: There is no 2 ("32) in font nullfont!
Missing character: There is no 1 ("31) in font nullfont!
Missing character: There is no 5 ("35) in font nullfont!
Missing character: There is no 5 ("35) in font nullfont!
Missing character: There is no 6 ("36) in font nullfont!
Missing character: There is no 1 ("31) in font nullfont!
Missing character: There is no 3 ("33) in font nullfont!
Missing character: There is no 7 ("37) in font nullfont!
Missing character: There is no 6 ("36) in font nullfont!
Missing character: There is no 2 ("32) in font nullfont!
Missing character: There is no " ("22) in font nullfont!
Missing character: There is no " ("22) in font nullfont!
Missing character: There is no 2 ("32) in font nullfont!
Missing character: There is no 0 ("30) in font nullfont!
Missing character: There is no 1 ("31) in font nullfont!
Missing character: There is no 3 ("33) in font nullfont!
Missing character: There is no 2 ("32) in font nullfont!
Missing character: There is no 0 ("30) in font nullfont!
Missing character: There is no 1 ("31) in font nullfont!
Missing character: There is no 6 ("36) in font nullfont!
Missing character: There is no 3 ("33) in font nullfont!
Missing character: There is no 5 ("35) in font nullfont!
Missing character: There is no . ("2E) in font nullfont!
Missing character: There is no 5 ("35) in font nullfont!
Missing character: There is no 2 ("32) in font nullfont!
Missing character: There is no 0 ("30) in font nullfont!
Missing character: There is no 2 ("32) in font nullfont!
Missing character: There is no 1 ("31) in font nullfont!
Missing character: There is no 1 ("31) in font nullfont!
Missing character: There is no 0 ("30) in font nullfont!
Missing character: There is no 0 ("30) in font nullfont!
Missing character: There is no % ("25) in font nullfont!
Missing character: There is no " ("22) in font nullfont!
Missing character: There is no " ("22) in font nullfont!
Missing character: There is no 6 ("36) in font nullfont!
Missing character: There is no 6 ("36) in font nullfont!
Missing character: There is no . ("2E) in font nullfont!
Missing character: There is no 4 ("34) in font nullfont!
Missing character: There is no % ("25) in font nullfont!
Missing character: There is no > ("3E) in font nullfont!
Missing character: There is no + ("2B) in font nullfont!
Missing character: There is no 1 ("31) in font nullfont!
Missing character: There is no 0 ("30) in font nullfont!
Missing character: There is no 0 ("30) in font nullfont!
Missing character: There is no % ("25) in font nullfont!
Missing character: There is no > ("3E) in font nullfont!
Missing character: There is no e ("65) in font nullfont!
Missing character: There is no 1 ("31) in font nullfont!
Missing character: There is no 4 ("34) in font nullfont!
Missing character: There is no - ("2D) in font nullfont!
Missing character: There is no 2 ("32) in font nullfont!
Missing character: There is no 0 ("30) in font nullfont!
Missing character: There is no % ("25) in font nullfont!
Missing character: There is no > ("3E) in font nullfont!
Missing character: There is no + ("2B) in font nullfont!
Missing character: There is no < ("3C) in font nullfont!
Missing character: There is no 1 ("31) in font nullfont!
Missing character: There is no 0 ("30) in font nullfont!
Missing character: There is no % ("25) in font nullfont!
Missing character: There is no 1 ("31) in font nullfont!
Missing character: There is no 1 ("31) in font nullfont!
Missing character: There is no 1 ("31) in font nullfont!
Missing character: There is no 1 ("31) in font nullfont!
Missing character: There is no . ("2E) in font nullfont!
Missing character: There is no 1 ("31) in font nullfont!
Missing character: There is no / ("2F) in font nullfont!
Missing character: There is no T ("54) in font nullfont!
Missing character: There is no a ("61) in font nullfont!
Missing character: There is no b ("62) in font nullfont!
Missing character: There is no l ("6C) in font nullfont!
Missing character: There is no e ("65) in font nullfont!
Missing character: There is no 1 ("31) in font nullfont!
Missing character: There is no 9 ("39) in font nullfont!
Missing character: There is no T ("54) in font nullfont!
Missing character: There is no a ("61) in font nullfont!
Missing character: There is no b ("62) in font nullfont!
Missing character: There is no l ("6C) in font nullfont!
Missing character: There is no e ("65) in font nullfont!
Missing character: There is no 1 ("31) in font nullfont!
Missing character: There is no 9 ("39) in font nullfont!
Missing character: There is no / ("2F) in font nullfont!
Missing character: There is no T ("54) in font nullfont!
Missing character: There is no a ("61) in font nullfont!
Missing character: There is no b ("62) in font nullfont!
Missing character: There is no l ("6C) in font nullfont!
Missing character: There is no e ("65) in font nullfont!
Missing character: There is no 1 ("31) in font nullfont!
Missing character: There is no 9 ("39) in font nullfont!
Missing character: There is no T ("54) in font nullfont!
Missing character: There is no a ("61) in font nullfont!
Missing character: There is no b ("62) in font nullfont!
Missing character: There is no l ("6C) in font nullfont!
Missing character: There is no e ("65) in font nullfont!
Missing character: There is no 1 ("31) in font nullfont!
Missing character: There is no 9 ("39) in font nullfont!
Missing character: There is no / ("2F) in font nullfont!
Missing character: There is no / ("2F) in font nullfont!
Missing character: There is no / ("2F) in font nullfont!
Missing character: There is no 2 ("32) in font nullfont!
Missing character: There is no + ("2B) in font nullfont!
Missing character: There is no P ("50) in font nullfont!
Missing character: There is no w ("77) in font nullfont!
Missing character: There is no C ("43) in font nullfont!
Missing character: There is no < ("3C) in font nullfont!
Missing character: There is no 1 ("31) in font nullfont!
Missing character: There is no 0 ("30) in font nullfont!
Missing character: There is no % ("25) in font nullfont!
Missing character: There is no S ("53) in font nullfont!
Missing character: There is no k ("6B) in font nullfont!
Missing character: There is no i ("69) in font nullfont!
Missing character: There is no l ("6C) in font nullfont!
Missing character: There is no l ("6C) in font nullfont!
Missing character: There is no i ("69) in font nullfont!
Missing character: There is no n ("6E) in font nullfont!
Missing character: There is no g ("67) in font nullfont!
Missing character: There is no ( ("28) in font nullfont!
Missing character: There is no C ("43) in font nullfont!
Missing character: There is no E ("45) in font nullfont!
Missing character: There is no O ("4F) in font nullfont!
Missing character: There is no ) ("29) in font nullfont!
Missing character: There is no 1 ("31) in font nullfont!
Missing character: There is no 4 ("34) in font nullfont!
Missing character: There is no ( ("28) in font nullfont!
Missing character: There is no ) ("29) in font nullfont!
Missing character: There is no $ ("24) in font nullfont!
Missing character: There is no 6 ("36) in font nullfont!
Missing character: There is no . ("2E) in font nullfont!
Missing character: There is no 1 ("31) in font nullfont!
Missing character: There is no 8 ("38) in font nullfont!
Missing character: There is no 6 ("36) in font nullfont!
Missing character: There is no 6 ("36) in font nullfont!
Missing character: There is no . ("2E) in font nullfont!
Missing character: There is no 4 ("34) in font nullfont!
Missing character: There is no % ("25) in font nullfont!
Missing character: There is no M ("4D) in font nullfont!
Missing character: There is no a ("61) in font nullfont!
Missing character: There is no d ("64) in font nullfont!
Missing character: There is no o ("6F) in font nullfont!
Missing character: There is no f ("66) in font nullfont!
Missing character: There is no f ("66) in font nullfont!
Missing character: There is no 1 ("31) in font nullfont!
Missing character: There is no 5 ("35) in font nullfont!
Missing character: There is no 0 ("30) in font nullfont!
Missing character: There is no $ ("24) in font nullfont!
Missing character: There is no 6 ("36) in font nullfont!
Missing character: There is no 4 ("34) in font nullfont!
Missing character: There is no 8 ("38) in font nullfont!
Missing character: There is no ( ("28) in font nullfont!
Missing character: There is no $ ("24) in font nullfont!
Missing character: There is no 1 ("31) in font nullfont!
Missing character: There is no 7 ("37) in font nullfont!
Missing character: There is no 5 ("35) in font nullfont!
Missing character: There is no ) ("29) in font nullfont!
Missing character: There is no ( ("28) in font nullfont!
Missing character: There is no ) ("29) in font nullfont!
Missing character: There is no 2 ("32) in font nullfont!
Missing character: There is no 3 ("33) in font nullfont!
Missing character: There is no % ("25) in font nullfont!
Missing character: There is no C ("43) in font nullfont!
Missing character: There is no a ("61) in font nullfont!
Missing character: There is no l ("6C) in font nullfont!
Missing character: There is no i ("69) in font nullfont!
Missing character: There is no s ("73) in font nullfont!
Missing character: There is no t ("74) in font nullfont!
Missing character: There is no o ("6F) in font nullfont!
Missing character: There is no T ("54) in font nullfont!
Missing character: There is no a ("61) in font nullfont!
Missing character: There is no n ("6E) in font nullfont!
Missing character: There is no z ("7A) in font nullfont!
Missing character: There is no i ("69) in font nullfont!
Missing character: There is no 1 ("31) in font nullfont!
Missing character: There is no 8 ("38) in font nullfont!
Missing character: There is no € ("20AC) in font nullfont!
Missing character: There is no 1 ("31) in font nullfont!
Missing character: There is no 4 ("34) in font nullfont!
Missing character: There is no 0 ("30) in font nullfont!
Missing character: There is no W ("57) in font nullfont!
Missing character: There is no i ("69) in font nullfont!
Missing character: There is no r ("72) in font nullfont!
Missing character: There is no e ("65) in font nullfont!
Missing character: There is no c ("63) in font nullfont!
Missing character: There is no a ("61) in font nullfont!
Missing character: There is no r ("72) in font nullfont!
Missing character: There is no d ("64) in font nullfont!
Missing character: There is no M ("4D) in font nullfont!
Missing character: There is no a ("61) in font nullfont!
Missing character: There is no r ("72) in font nullfont!
Missing character: There is no k ("6B) in font nullfont!
Missing character: There is no u ("75) in font nullfont!
Missing character: There is no s ("73) in font nullfont!
Missing character: There is no B ("42) in font nullfont!
Missing character: There is no r ("72) in font nullfont!
Missing character: There is no a ("61) in font nullfont!
Missing character: There is no u ("75) in font nullfont!
Missing character: There is no n ("6E) in font nullfont!
Missing character: There is no ( ("28) in font nullfont!
Missing character: There is no C ("43) in font nullfont!
Missing character: There is no E ("45) in font nullfont!
Missing character: There is no O ("4F) in font nullfont!
Missing character: There is no ) ("29) in font nullfont!
Missing character: There is no 1 ("31) in font nullfont!
Missing character: There is no 4 ("34) in font nullfont!
Missing character: There is no 2 ("32) in font nullfont!
Missing character: There is no € ("20AC) in font nullfont!
Missing character: There is no 1 ("31) in font nullfont!
Missing character: There is no 9 ("39) in font nullfont!
Missing character: There is no 4 ("34) in font nullfont!
Missing character: There is no 4 ("34) in font nullfont!
Missing character: There is no . ("2E) in font nullfont!
Missing character: There is no 5 ("35) in font nullfont!
Missing character: There is no € ("20AC) in font nullfont!
Missing character: There is no 3 ("33) in font nullfont!
Missing character: There is no 3 ("33) in font nullfont!
Missing character: There is no 0 ("30) in font nullfont!
Missing character: There is no ( ("28) in font nullfont!
Missing character: There is no ) ("29) in font nullfont!

Overfull \hbox (1.12086pt too wide) in paragraph at lines 583--584
[]|\TU/NotoSansCJKSC(0)/m/n/10.95 高回 购 和
 []

Missing character: There is no C ("43) in font nullfont!
Missing character: There is no E ("45) in font nullfont!
Missing character: There is no O ("4F) in font nullfont!
Missing character: There is no $ ("24) in font nullfont!
Missing character: There is no 3 ("33) in font nullfont!
Missing character: There is no 0 ("30) in font nullfont!
Missing character: There is no ( ("28) in font nullfont!
Missing character: There is no ) ("29) in font nullfont!
Missing character: There is no $ ("24) in font nullfont!
Missing character: There is no 6 ("36) in font nullfont!
Missing character: There is no , ("2C) in font nullfont!
Missing character: There is no 0 ("30) in font nullfont!
Missing character: There is no 0 ("30) in font nullfont!
Missing character: There is no 0 ("30) in font nullfont!
Missing character: There is no 2 ("32) in font nullfont!
Missing character: There is no 5 ("35) in font nullfont!
Missing character: There is no % ("25) in font nullfont!
Missing character: There is no 2 ("32) in font nullfont!
Missing character: There is no 0 ("30) in font nullfont!
Missing character: There is no 2 ("32) in font nullfont!
Missing character: There is no 6 ("36) in font nullfont!
Missing character: There is no 8 ("38) in font nullfont!
Missing character: There is no 2 ("32) in font nullfont!
Missing character: There is no 9 ("39) in font nullfont!

Package fancyhdr Warning: \headheight is too small (12.0pt): 
(fancyhdr)                Make it at least 12.4pt, for example:
(fancyhdr)                \setlength{\headheight}{12.4pt}.
(fancyhdr)                You might also make \topmargin smaller to compensate:

(fancyhdr)                \addtolength{\topmargin}{-0.4pt}.

! Undefined control sequence.
\f@nch@ocf ...11pt}\selectfont 机密\quad 第\thepage页 
                                                  \strut 
l.587 \end{longtable}
                     
The control sequence at the end of the top line
of your error message was never \def'ed. If you have
misspelled it (e.g., `\hobx'), type `I' and the correct
spelling (e.g., `I\hbox'). Otherwise just continue,
and I'll forget about whatever was undefined.

[29]
Missing character: There is no 1 ("31) in font nullfont!
Missing character: There is no 1 ("31) in font nullfont!
Missing character: There is no . ("2E) in font nullfont!
Missing character: There is no 2 ("32) in font nullfont!
Missing character: There is no / ("2F) in font nullfont!
Missing character: There is no S ("53) in font nullfont!
Missing character: There is no E ("45) in font nullfont!
Missing character: There is no C ("43) in font nullfont!
Missing character: There is no + ("2B) in font nullfont!
Missing character: There is no D ("44) in font nullfont!
Missing character: There is no O ("4F) in font nullfont!
Missing character: There is no J ("4A) in font nullfont!
Missing character: There is no c ("63) in font nullfont!
Missing character: There is no l ("6C) in font nullfont!
Missing character: There is no a ("61) in font nullfont!
Missing character: There is no s ("73) in font nullfont!
Missing character: There is no s ("73) in font nullfont!
Missing character: There is no a ("61) in font nullfont!
Missing character: There is no c ("63) in font nullfont!
Missing character: There is no t ("74) in font nullfont!
Missing character: There is no i ("69) in font nullfont!
Missing character: There is no o ("6F) in font nullfont!
Missing character: There is no n ("6E) in font nullfont!
Missing character: There is no S ("53) in font nullfont!
Missing character: There is no E ("45) in font nullfont!
Missing character: There is no C ("43) in font nullfont!
Missing character: There is no F ("46) in font nullfont!
Missing character: There is no a ("61) in font nullfont!
Missing character: There is no i ("69) in font nullfont!
Missing character: There is no r ("72) in font nullfont!
Missing character: There is no F ("46) in font nullfont!
Missing character: There is no u ("75) in font nullfont!
Missing character: There is no n ("6E) in font nullfont!
Missing character: There is no d ("64) in font nullfont!
Missing character: There is no 1 ("31) in font nullfont!
Missing character: There is no 0 ("30) in font nullfont!
Missing character: There is no 0 ("30) in font nullfont!
Missing character: There is no % ("25) in font nullfont!
Missing character: There is no P ("50) in font nullfont!
Missing character: There is no w ("77) in font nullfont!
Missing character: There is no C ("43) in font nullfont!
Missing character: There is no / ("2F) in font nullfont!
Missing character: There is no 2 ("32) in font nullfont!
Missing character: There is no 0 ("30) in font nullfont!
Missing character: There is no 2 ("32) in font nullfont!
Missing character: There is no 1 ("31) in font nullfont!
Missing character: There is no → ("2192) in font nullfont!
Missing character: There is no 2 ("32) in font nullfont!
Missing character: There is no 0 ("30) in font nullfont!
Missing character: There is no 2 ("32) in font nullfont!
Missing character: There is no 6 ("36) in font nullfont!
Missing character: There is no S ("53) in font nullfont!
Missing character: There is no k ("6B) in font nullfont!
Missing character: There is no i ("69) in font nullfont!
Missing character: There is no l ("6C) in font nullfont!
Missing character: There is no l ("6C) in font nullfont!
Missing character: There is no i ("69) in font nullfont!
Missing character: There is no n ("6E) in font nullfont!
Missing character: There is no g ("67) in font nullfont!
Missing character: There is no 1 ("31) in font nullfont!
Missing character: There is no 4 ("34) in font nullfont!
Missing character: There is no M ("4D) in font nullfont!
Missing character: There is no a ("61) in font nullfont!
Missing character: There is no d ("64) in font nullfont!
Missing character: There is no o ("6F) in font nullfont!
Missing character: There is no f ("66) in font nullfont!
Missing character: There is no f ("66) in font nullfont!
Missing character: There is no 1 ("31) in font nullfont!
Missing character: There is no 5 ("35) in font nullfont!
Missing character: There is no 0 ("30) in font nullfont!
Missing character: There is no F ("46) in font nullfont!
Missing character: There is no C ("43) in font nullfont!
Missing character: There is no P ("50) in font nullfont!
Missing character: There is no A ("41) in font nullfont!
Missing character: There is no T ("54) in font nullfont!
Missing character: There is no a ("61) in font nullfont!
Missing character: There is no b ("62) in font nullfont!
Missing character: There is no l ("6C) in font nullfont!
Missing character: There is no e ("65) in font nullfont!
Missing character: There is no 2 ("32) in font nullfont!
Missing character: There is no 0 ("30) in font nullfont!
Missing character: There is no T ("54) in font nullfont!
Missing character: There is no a ("61) in font nullfont!
Missing character: There is no b ("62) in font nullfont!
Missing character: There is no l ("6C) in font nullfont!
Missing character: There is no e ("65) in font nullfont!
Missing character: There is no 2 ("32) in font nullfont!
Missing character: There is no 0 ("30) in font nullfont!
Missing character: There is no v ("76) in font nullfont!
Missing character: There is no s ("73) in font nullfont!
Missing character: There is no T ("54) in font nullfont!
Missing character: There is no a ("61) in font nullfont!
Missing character: There is no b ("62) in font nullfont!
Missing character: There is no l ("6C) in font nullfont!
Missing character: There is no e ("65) in font nullfont!
Missing character: There is no 2 ("32) in font nullfont!
Missing character: There is no 0 ("30) in font nullfont!
Missing character: There is no T ("54) in font nullfont!
Missing character: There is no a ("61) in font nullfont!
Missing character: There is no b ("62) in font nullfont!
Missing character: There is no l ("6C) in font nullfont!
Missing character: There is no e ("65) in font nullfont!
Missing character: There is no 2 ("32) in font nullfont!
Missing character: There is no 0 ("30) in font nullfont!
Missing character: There is no v ("76) in font nullfont!
Missing character: There is no s ("73) in font nullfont!
Missing character: There is no 2 ("32) in font nullfont!
Missing character: There is no . ("2E) in font nullfont!
Missing character: There is no 4 ("34) in font nullfont!
Missing character: There is no 8 ("38) in font nullfont!
Missing character: There is no + ("2B) in font nullfont!
Missing character: There is no + ("2B) in font nullfont!
Missing character: There is no 2 ("32) in font nullfont!
Missing character: There is no 0 ("30) in font nullfont!
Missing character: There is no 2 ("32) in font nullfont!
Missing character: There is no 6 ("36) in font nullfont!
Missing character: There is no 8 ("38) in font nullfont!
Missing character: There is no 3 ("33) in font nullfont!
Missing character: There is no 0 ("30) in font nullfont!

Package fancyhdr Warning: \headheight is too small (12.0pt): 
(fancyhdr)                Make it at least 12.4pt, for example:
(fancyhdr)                \setlength{\headheight}{12.4pt}.
(fancyhdr)                You might also make \topmargin smaller to compensate:

(fancyhdr)                \addtolength{\topmargin}{-0.4pt}.

! Undefined control sequence.
\f@nch@ocf ...11pt}\selectfont 机密\quad 第\thepage页 
                                                  \strut 
l.606 \newpage
              \part{第五卷：资产追回与受害者救济全景方案}
The control sequence at the end of the top line
of your error message was never \def'ed. If you have
misspelled it (e.g., `\hobx'), type `I' and the correct
spelling (e.g., `I\hbox'). Otherwise just continue,
and I'll forget about whatever was undefined.

[30]
Missing character: There is no 2 ("32) in font nullfont!
Missing character: There is no 0 ("30) in font nullfont!
Missing character: There is no 2 ("32) in font nullfont!
Missing character: There is no 6 ("36) in font nullfont!
Missing character: There is no 8 ("38) in font nullfont!
Missing character: There is no 3 ("33) in font nullfont!
Missing character: There is no 1 ("31) in font nullfont!

Package fancyhdr Warning: \headheight is too small (12.0pt): 
(fancyhdr)                Make it at least 12.4pt, for example:
(fancyhdr)                \setlength{\headheight}{12.4pt}.
(fancyhdr)                You might also make \topmargin smaller to compensate:

(fancyhdr)                \addtolength{\topmargin}{-0.4pt}.

! Undefined control sequence.
\f@nch@ocf ...11pt}\selectfont 机密\quad 第\thepage页 
                                                  \strut 
l.606 \newpage
              \part{第五卷：资产追回与受害者救济全景方案}
The control sequence at the end of the top line
of your error message was never \def'ed. If you have
misspelled it (e.g., `\hobx'), type `I' and the correct
spelling (e.g., `I\hbox'). Otherwise just continue,
and I'll forget about whatever was undefined.

[31]
Missing character: There is no P ("50) in font nullfont!
Missing character: There is no a ("61) in font nullfont!
Missing character: There is no r ("72) in font nullfont!
Missing character: There is no t ("74) in font nullfont!
Missing character: There is no V ("56) in font nullfont!
Missing character: There is no 1 ("31) in font nullfont!
Missing character: There is no 2 ("32) in font nullfont!
Missing character: There is no 1 ("31) in font nullfont!
Missing character: There is no 2 ("32) in font nullfont!
Missing character: There is no . ("2E) in font nullfont!
Missing character: There is no 1 ("31) in font nullfont!

Underfull \hbox (badness 3354) in paragraph at lines 613--613
[]|\TU/NotoSansCJKSC(0)/m/n/10.95 人 数 规
 []

Missing character: There is no 1 ("31) in font nullfont!
Missing character: There is no 6 ("36) in font nullfont!
Missing character: There is no 0 ("30) in font nullfont!
Missing character: There is no + ("2B) in font nullfont!
Missing character: There is no + ("2B) in font nullfont!
Missing character: There is no 2 ("32) in font nullfont!

Underfull \hbox (badness 3354) in paragraph at lines 616--616
[]|\TU/NotoSansCJKSC(0)/m/n/10.95 数 万 家
 []

Missing character: There is no + ("2B) in font nullfont!
Missing character: There is no 1 ("31) in font nullfont!
Missing character: There is no 0 ("30) in font nullfont!
Missing character: There is no - ("2D) in font nullfont!
Missing character: There is no 3 ("33) in font nullfont!
Missing character: There is no 0 ("30) in font nullfont!
Missing character: There is no % ("25) in font nullfont!
Missing character: There is no 3 ("33) in font nullfont!
Missing character: There is no / ("2F) in font nullfont!
Missing character: There is no + ("2B) in font nullfont!
Missing character: There is no 4 ("34) in font nullfont!
Missing character: There is no 9 ("39) in font nullfont!
Missing character: There is no - ("2D) in font nullfont!
Missing character: There is no 1 ("31) in font nullfont!
Missing character: There is no 2 ("32) in font nullfont!
Missing character: There is no + ("2B) in font nullfont!
Missing character: There is no 5 ("35) in font nullfont!
Missing character: There is no - ("2D) in font nullfont!
Missing character: There is no 1 ("31) in font nullfont!
Missing character: There is no 5 ("35) in font nullfont!
Missing character: There is no % ("25) in font nullfont!
Missing character: There is no 5 ("35) in font nullfont!

Underfull \hbox (badness 3354) in paragraph at lines 619--619
[]|\TU/NotoSansCJKSC(0)/m/n/10.95 数 万 投
 []

Missing character: There is no / ("2F) in font nullfont!
Missing character: There is no 1 ("31) in font nullfont!
Missing character: There is no 0 ("30) in font nullfont!
Missing character: There is no - ("2D) in font nullfont!
Missing character: There is no 3 ("33) in font nullfont!
Missing character: There is no 0 ("30) in font nullfont!
Missing character: There is no % ("25) in font nullfont!
Missing character: There is no 6 ("36) in font nullfont!

Underfull \hbox (badness 3354) in paragraph at lines 620--620
[]|\TU/NotoSansCJKSC(0)/m/n/10.95 约 百 万
 []

Missing character: There is no + ("2B) in font nullfont!
Missing character: There is no 7 ("37) in font nullfont!

Underfull \hbox (badness 3354) in paragraph at lines 621--621
[]|\TU/NotoSansCJKSC(0)/m/n/10.95 约 百 万
 []

Missing character: There is no T ("54) in font nullfont!
Missing character: There is no a ("61) in font nullfont!
Missing character: There is no b ("62) in font nullfont!
Missing character: There is no l ("6C) in font nullfont!
Missing character: There is no e ("65) in font nullfont!
Missing character: There is no 2 ("32) in font nullfont!
Missing character: There is no 1 ("31) in font nullfont!
Missing character: There is no T ("54) in font nullfont!
Missing character: There is no a ("61) in font nullfont!
Missing character: There is no b ("62) in font nullfont!
Missing character: There is no l ("6C) in font nullfont!
Missing character: There is no e ("65) in font nullfont!
Missing character: There is no 2 ("32) in font nullfont!
Missing character: There is no 1 ("31) in font nullfont!
Missing character: There is no 3 ("33) in font nullfont!
Missing character: There is no 0 ("30) in font nullfont!
Missing character: There is no 0 ("30) in font nullfont!
Missing character: There is no T ("54) in font nullfont!
Missing character: There is no a ("61) in font nullfont!
Missing character: There is no b ("62) in font nullfont!
Missing character: There is no l ("6C) in font nullfont!
Missing character: There is no e ("65) in font nullfont!
Missing character: There is no 2 ("32) in font nullfont!
Missing character: There is no 1 ("31) in font nullfont!
Missing character: There is no T ("54) in font nullfont!
Missing character: There is no a ("61) in font nullfont!
Missing character: There is no b ("62) in font nullfont!
Missing character: There is no l ("6C) in font nullfont!
Missing character: There is no e ("65) in font nullfont!
Missing character: There is no 2 ("32) in font nullfont!
Missing character: There is no 1 ("31) in font nullfont!
Missing character: There is no 3 ("33) in font nullfont!
Missing character: There is no 0 ("30) in font nullfont!
Missing character: There is no 0 ("30) in font nullfont!
Missing character: There is no 2 ("32) in font nullfont!
Missing character: There is no 0 ("30) in font nullfont!
Missing character: There is no 0 ("30) in font nullfont!
Missing character: There is no 2 ("32) in font nullfont!
Missing character: There is no 1 ("31) in font nullfont!
Missing character: There is no 6 ("36) in font nullfont!

Overfull \hbox (1.98892pt too wide) in paragraph at lines 610--626
[]\TU/NotoSansCJKSC(0)/m/n/10.95 超 级 优 先
 []

Missing character: There is no 1 ("31) in font nullfont!
Missing character: There is no 2 ("32) in font nullfont!
Missing character: There is no . ("2E) in font nullfont!
Missing character: There is no 2 ("32) in font nullfont!
Missing character: There is no 3 ("33) in font nullfont!
Missing character: There is no 0 ("30) in font nullfont!
Missing character: There is no 0 ("30) in font nullfont!
Missing character: There is no > ("3E) in font nullfont!
Missing character: There is no > ("3E) in font nullfont!
Missing character: There is no > ("3E) in font nullfont!
Missing character: There is no > ("3E) in font nullfont!
Missing character: There is no > ("3E) in font nullfont!
Missing character: There is no 2 ("32) in font nullfont!
Missing character: There is no 0 ("30) in font nullfont!
Missing character: There is no 2 ("32) in font nullfont!
Missing character: There is no 1 ("31) in font nullfont!
Missing character: There is no 5 ("35) in font nullfont!
Missing character: There is no 2 ("32) in font nullfont!
Missing character: There is no , ("2C) in font nullfont!
Missing character: There is no 0 ("30) in font nullfont!
Missing character: There is no 3 ("33) in font nullfont!
Missing character: There is no 7 ("37) in font nullfont!
Missing character: There is no 2 ("32) in font nullfont!
Missing character: There is no 4 ("34) in font nullfont!
Missing character: There is no . ("2E) in font nullfont!
Missing character: There is no 5 ("35) in font nullfont!
Missing character: There is no 9 ("39) in font nullfont!
Missing character: There is no 1 ("31) in font nullfont!
Missing character: There is no 3 ("33) in font nullfont!
Missing character: There is no 1 ("31) in font nullfont!
Missing character: There is no 3 ("33) in font nullfont!
Missing character: There is no . ("2E) in font nullfont!
Missing character: There is no 1 ("31) in font nullfont!
Missing character: There is no 2 ("32) in font nullfont!
Missing character: There is no 0 ("30) in font nullfont!
Missing character: There is no 2 ("32) in font nullfont!
Missing character: There is no 3 ("33) in font nullfont!
Missing character: There is no 2 ("32) in font nullfont!
Missing character: There is no . ("2E) in font nullfont!
Missing character: There is no 2 ("32) in font nullfont!
Missing character: There is no 1 ("31) in font nullfont!
Missing character: There is no 7 ("37) in font nullfont!
Missing character: There is no . ("2E) in font nullfont!
Missing character: There is no 1 ("31) in font nullfont!
Missing character: There is no 6 ("36) in font nullfont!
Missing character: There is no 2 ("32) in font nullfont!
Missing character: There is no 0 ("30) in font nullfont!
Missing character: There is no 2 ("32) in font nullfont!
Missing character: There is no 6 ("36) in font nullfont!
Missing character: There is no 8 ("38) in font nullfont!
Missing character: There is no 3 ("33) in font nullfont!
Missing character: There is no 2 ("32) in font nullfont!

Package fancyhdr Warning: \headheight is too small (12.0pt): 
(fancyhdr)                Make it at least 12.4pt, for example:
(fancyhdr)                \setlength{\headheight}{12.4pt}.
(fancyhdr)                You might also make \topmargin smaller to compensate:

(fancyhdr)                \addtolength{\topmargin}{-0.4pt}.

! Undefined control sequence.
\f@nch@ocf ...11pt}\selectfont 机密\quad 第\thepage页 
                                                  \strut 
l.637 \textbf{路径一：民事追偿优先（2-3年）}
                               ：由恒大集团管理人向丁玉梅提起不当得利返还诉讼（民法典第985条）；申请香港法院认可内地刑...
The control sequence at the end of the top line
of your error message was never \def'ed. If you have
misspelled it (e.g., `\hobx'), type `I' and the correct
spelling (e.g., `I\hbox'). Otherwise just continue,
and I'll forget about whatever was undefined.

[32]
Missing character: There is no 2 ("32) in font nullfont!
Missing character: There is no - ("2D) in font nullfont!
Missing character: There is no 3 ("33) in font nullfont!
Missing character: There is no 9 ("39) in font nullfont!
Missing character: There is no 8 ("38) in font nullfont!
Missing character: There is no 5 ("35) in font nullfont!
Missing character: There is no 2 ("32) in font nullfont!
Missing character: There is no 0 ("30) in font nullfont!
Missing character: There is no 2 ("32) in font nullfont!
Missing character: There is no 3 ("33) in font nullfont!
Missing character: There is no 3 ("33) in font nullfont!
Missing character: There is no - ("2D) in font nullfont!
Missing character: There is no 5 ("35) in font nullfont!
Missing character: There is no 1 ("31) in font nullfont!
Missing character: There is no 9 ("39) in font nullfont!
Missing character: There is no 1 ("31) in font nullfont!
Missing character: There is no / ("2F) in font nullfont!
Missing character: There is no 3 ("33) in font nullfont!
Missing character: There is no - ("2D) in font nullfont!
Missing character: There is no 8 ("38) in font nullfont!
Missing character: There is no 4 ("34) in font nullfont!
Missing character: There is no 3 ("33) in font nullfont!
Missing character: There is no B ("42) in font nullfont!
Missing character: There is no V ("56) in font nullfont!
Missing character: There is no I ("49) in font nullfont!
Missing character: There is no F ("46) in font nullfont!
Missing character: There is no S ("53) in font nullfont!
Missing character: There is no C ("43) in font nullfont!
Missing character: There is no C ("43) in font nullfont!
Missing character: There is no I ("49) in font nullfont!
Missing character: There is no M ("4D) in font nullfont!
Missing character: There is no A ("41) in font nullfont!
Missing character: There is no / ("2F) in font nullfont!
Missing character: There is no " ("22) in font nullfont!
Missing character: There is no " ("22) in font nullfont!
Missing character: There is no 1 ("31) in font nullfont!
Missing character: There is no 3 ("33) in font nullfont!
Missing character: There is no . ("2E) in font nullfont!
Missing character: There is no 2 ("32) in font nullfont!
Missing character: There is no B ("42) in font nullfont!
Missing character: There is no V ("56) in font nullfont!
Missing character: There is no I ("49) in font nullfont!
Missing character: There is no → ("2192) in font nullfont!
Missing character: There is no → ("2192) in font nullfont!
Missing character: There is no B ("42) in font nullfont!
Missing character: There is no V ("56) in font nullfont!
Missing character: There is no I ("49) in font nullfont!
Missing character: There is no 2 ("32) in font nullfont!
Missing character: There is no 0 ("30) in font nullfont!
Missing character: There is no 2 ("32) in font nullfont!
Missing character: There is no 6 ("36) in font nullfont!
Missing character: There is no 8 ("38) in font nullfont!
Missing character: There is no 3 ("33) in font nullfont!
Missing character: There is no 3 ("33) in font nullfont!

Package fancyhdr Warning: \headheight is too small (12.0pt): 
(fancyhdr)                Make it at least 12.4pt, for example:
(fancyhdr)                \setlength{\headheight}{12.4pt}.
(fancyhdr)                You might also make \topmargin smaller to compensate:

(fancyhdr)                \addtolength{\topmargin}{-0.4pt}.

! Undefined control sequence.
\f@nch@ocf ...11pt}\selectfont 机密\quad 第\thepage页 
                                                  \strut 
l.653 \newpage
              \part{第六卷：制度完善政策建议}
The control sequence at the end of the top line
of your error message was never \def'ed. If you have
misspelled it (e.g., `\hobx'), type `I' and the correct
spelling (e.g., `I\hbox'). Otherwise just continue,
and I'll forget about whatever was undefined.

[33]
Missing character: There is no P ("50) in font nullfont!
Missing character: There is no a ("61) in font nullfont!
Missing character: There is no r ("72) in font nullfont!
Missing character: There is no t ("74) in font nullfont!
Missing character: There is no V ("56) in font nullfont!
Missing character: There is no I ("49) in font nullfont!
Missing character: There is no 1 ("31) in font nullfont!
Missing character: There is no 4 ("34) in font nullfont!
Missing character: There is no 3 ("33) in font nullfont!
Missing character: There is no . ("2E) in font nullfont!
Missing character: There is no 2 ("32) in font nullfont!
Missing character: There is no % ("25) in font nullfont!
Missing character: There is no 1 ("31) in font nullfont!
Missing character: There is no 0 ("30) in font nullfont!
Missing character: There is no % ("25) in font nullfont!
Missing character: There is no " ("22) in font nullfont!
Missing character: There is no " ("22) in font nullfont!
Missing character: There is no / ("2F) in font nullfont!
Missing character: There is no P ("50) in font nullfont!
Missing character: There is no w ("77) in font nullfont!
Missing character: There is no C ("43) in font nullfont!
Missing character: There is no § ("A7) in font nullfont!
Missing character: There is no 2 ("32) in font nullfont!
Missing character: There is no 2 ("32) in font nullfont!
Missing character: There is no 9 ("39) in font nullfont!
Missing character: There is no 1 ("31) in font nullfont!
Missing character: There is no 5 ("35) in font nullfont!
Missing character: There is no - ("2D) in font nullfont!
Missing character: There is no 2 ("32) in font nullfont!
Missing character: There is no 0 ("30) in font nullfont!
Missing character: There is no " ("22) in font nullfont!
Missing character: There is no " ("22) in font nullfont!
Missing character: There is no § ("A7) in font nullfont!
Missing character: There is no 1 ("31) in font nullfont!
Missing character: There is no 6 ("36) in font nullfont!
Missing character: There is no 9 ("39) in font nullfont!
Missing character: There is no T ("54) in font nullfont!
Missing character: There is no a ("61) in font nullfont!
Missing character: There is no b ("62) in font nullfont!
Missing character: There is no l ("6C) in font nullfont!
Missing character: There is no e ("65) in font nullfont!
Missing character: There is no 2 ("32) in font nullfont!
Missing character: There is no 2 ("32) in font nullfont!
Missing character: There is no T ("54) in font nullfont!
Missing character: There is no a ("61) in font nullfont!
Missing character: There is no b ("62) in font nullfont!
Missing character: There is no l ("6C) in font nullfont!
Missing character: There is no e ("65) in font nullfont!
Missing character: There is no 2 ("32) in font nullfont!
Missing character: There is no 2 ("32) in font nullfont!
Missing character: There is no T ("54) in font nullfont!
Missing character: There is no a ("61) in font nullfont!
Missing character: There is no b ("62) in font nullfont!
Missing character: There is no l ("6C) in font nullfont!
Missing character: There is no e ("65) in font nullfont!
Missing character: There is no 2 ("32) in font nullfont!
Missing character: There is no 2 ("32) in font nullfont!
Missing character: There is no T ("54) in font nullfont!
Missing character: There is no a ("61) in font nullfont!
Missing character: There is no b ("62) in font nullfont!
Missing character: There is no l ("6C) in font nullfont!
Missing character: There is no e ("65) in font nullfont!
Missing character: There is no 2 ("32) in font nullfont!
Missing character: There is no 2 ("32) in font nullfont!
Missing character: There is no 1 ("31) in font nullfont!
Missing character: There is no 5 ("35) in font nullfont!
Missing character: There is no 1 ("31) in font nullfont!
Missing character: There is no 5 ("35) in font nullfont!
Missing character: There is no . ("2E) in font nullfont!
Missing character: There is no 1 ("31) in font nullfont!
Missing character: There is no " ("22) in font nullfont!
Missing character: There is no " ("22) in font nullfont!
Missing character: There is no P ("50) in font nullfont!
Missing character: There is no L ("4C) in font nullfont!
Missing character: There is no U ("55) in font nullfont!
Missing character: There is no S ("53) in font nullfont!
Missing character: There is no 1 ("31) in font nullfont!
Missing character: There is no 0 ("30) in font nullfont!
Missing character: There is no " ("22) in font nullfont!
Missing character: There is no " ("22) in font nullfont!
Missing character: There is no " ("22) in font nullfont!
Missing character: There is no " ("22) in font nullfont!
Missing character: There is no + ("2B) in font nullfont!
Missing character: There is no + ("2B) in font nullfont!
Missing character: There is no " ("22) in font nullfont!
Missing character: There is no " ("22) in font nullfont!
Missing character: There is no 2 ("32) in font nullfont!
Missing character: There is no 0 ("30) in font nullfont!
Missing character: There is no 2 ("32) in font nullfont!
Missing character: There is no 6 ("36) in font nullfont!
Missing character: There is no 8 ("38) in font nullfont!
Missing character: There is no 3 ("33) in font nullfont!
Missing character: There is no 4 ("34) in font nullfont!

Package fancyhdr Warning: \headheight is too small (12.0pt): 
(fancyhdr)                Make it at least 12.4pt, for example:
(fancyhdr)                \setlength{\headheight}{12.4pt}.
(fancyhdr)                You might also make \topmargin smaller to compensate:

(fancyhdr)                \addtolength{\topmargin}{-0.4pt}.

! Undefined control sequence.
\f@nch@ocf ...11pt}\selectfont 机密\quad 第\thepage页 
                                                  \strut 
l.679 \subsection{事中监管强化（发现机制）}
                               
The control sequence at the end of the top line
of your error message was never \def'ed. If you have
misspelled it (e.g., `\hobx'), type `I' and the correct
spelling (e.g., `I\hbox'). Otherwise just continue,
and I'll forget about whatever was undefined.

[34]
Missing character: There is no 1 ("31) in font nullfont!
Missing character: There is no 5 ("35) in font nullfont!
Missing character: There is no . ("2E) in font nullfont!
Missing character: There is no 2 ("32) in font nullfont!
Missing character: There is no S ("53) in font nullfont!
Missing character: There is no E ("45) in font nullfont!
Missing character: There is no C ("43) in font nullfont!
Missing character: There is no X ("58) in font nullfont!
Missing character: There is no B ("42) in font nullfont!
Missing character: There is no R ("52) in font nullfont!
Missing character: There is no L ("4C) in font nullfont!
Missing character: There is no A ("41) in font nullfont!
Missing character: There is no I ("49) in font nullfont!
Missing character: There is no " ("22) in font nullfont!
Missing character: There is no " ("22) in font nullfont!
Missing character: There is no S ("53) in font nullfont!
Missing character: There is no E ("45) in font nullfont!
Missing character: There is no C ("43) in font nullfont!
Missing character: There is no 1 ("31) in font nullfont!
Missing character: There is no 0 ("30) in font nullfont!
Missing character: There is no - ("2D) in font nullfont!
Missing character: There is no 3 ("33) in font nullfont!
Missing character: There is no 0 ("30) in font nullfont!
Missing character: There is no % ("25) in font nullfont!
Missing character: There is no " ("22) in font nullfont!
Missing character: There is no " ("22) in font nullfont!
Missing character: There is no 1 ("31) in font nullfont!
Missing character: There is no 5 ("35) in font nullfont!
Missing character: There is no . ("2E) in font nullfont!
Missing character: There is no 3 ("33) in font nullfont!
Missing character: There is no 1 ("31) in font nullfont!
Missing character: There is no 6 ("36) in font nullfont!
Missing character: There is no " ("22) in font nullfont!
Missing character: There is no " ("22) in font nullfont!
Missing character: There is no 2 ("32) in font nullfont!
Missing character: There is no 0 ("30) in font nullfont!
Missing character: There is no 2 ("32) in font nullfont!
Missing character: There is no 6 ("36) in font nullfont!
Missing character: There is no 8 ("38) in font nullfont!
Missing character: There is no 3 ("33) in font nullfont!
Missing character: There is no 5 ("35) in font nullfont!

Package fancyhdr Warning: \headheight is too small (12.0pt): 
(fancyhdr)                Make it at least 12.4pt, for example:
(fancyhdr)                \setlength{\headheight}{12.4pt}.
(fancyhdr)                You might also make \topmargin smaller to compensate:

(fancyhdr)                \addtolength{\topmargin}{-0.4pt}.

! Undefined control sequence.
\f@nch@ocf ...11pt}\selectfont 机密\quad 第\thepage页 
                                                  \strut 
l.694 \newpage
              \part{参考文献}
The control sequence at the end of the top line
of your error message was never \def'ed. If you have
misspelled it (e.g., `\hobx'), type `I' and the correct
spelling (e.g., `I\hbox'). Otherwise just continue,
and I'll forget about whatever was undefined.

[35]
Missing character: There is no P ("50) in font nullfont!
Missing character: There is no a ("61) in font nullfont!
Missing character: There is no r ("72) in font nullfont!
Missing character: There is no t ("74) in font nullfont!
Missing character: There is no V ("56) in font nullfont!
Missing character: There is no I ("49) in font nullfont!
Missing character: There is no I ("49) in font nullfont!
Missing character: There is no [ ("5B) in font nullfont!
Missing character: There is no 1 ("31) in font nullfont!
Missing character: There is no ] ("5D) in font nullfont!
Missing character: There is no [ ("5B) in font nullfont!
Missing character: There is no E ("45) in font nullfont!
Missing character: There is no B ("42) in font nullfont!
Missing character: There is no / ("2F) in font nullfont!
Missing character: There is no O ("4F) in font nullfont!
Missing character: There is no L ("4C) in font nullfont!
Missing character: There is no ] ("5D) in font nullfont!
Missing character: There is no 2 ("32) in font nullfont!
Missing character: There is no 0 ("30) in font nullfont!
Missing character: There is no 2 ("32) in font nullfont!
Missing character: There is no 6 ("36) in font nullfont!
Missing character: There is no - ("2D) in font nullfont!
Missing character: There is no 0 ("30) in font nullfont!
Missing character: There is no 8 ("38) in font nullfont!
Missing character: There is no - ("2D) in font nullfont!
Missing character: There is no 2 ("32) in font nullfont!
Missing character: There is no 0 ("30) in font nullfont!

Package xeCJK Warning: Unknown CJK family `\CJKttdefault' is being ignored.
(xeCJK)                
(xeCJK)                Try to use `\setCJKmonofont[<...>]{<...>}' to define
(xeCJK)                it.

! Font TU/CourierNew(0)/m/n/10="Courier New" at 10.0pt not loadable: Metric (TF
M) file or installed font not found.
<to be read again> 
                   relax 
l.698 ...xttt{https://www.news.cn/legal/20260820/}
                                                  
I wasn't able to read the size data for this font,
so I will ignore the font specification.
[Wizards can fix TFM files using TFtoPL/PLtoTF.]
You might try inserting a different font spec;
e.g., type `I\font<same font id>=<substitute font name>'.

Missing character: There is no h ("68) in font nullfont!
Missing character: There is no t ("74) in font nullfont!
Missing character: There is no t ("74) in font nullfont!
Missing character: There is no p ("70) in font nullfont!
Missing character: There is no s ("73) in font nullfont!
Missing character: There is no : ("3A) in font nullfont!
Missing character: There is no / ("2F) in font nullfont!
Missing character: There is no / ("2F) in font nullfont!
Missing character: There is no w ("77) in font nullfont!
Missing character: There is no w ("77) in font nullfont!
Missing character: There is no w ("77) in font nullfont!
Missing character: There is no . ("2E) in font nullfont!
Missing character: There is no n ("6E) in font nullfont!
Missing character: There is no e ("65) in font nullfont!
Missing character: There is no w ("77) in font nullfont!
Missing character: There is no s ("73) in font nullfont!
Missing character: There is no . ("2E) in font nullfont!
Missing character: There is no c ("63) in font nullfont!
Missing character: There is no n ("6E) in font nullfont!
Missing character: There is no / ("2F) in font nullfont!
Missing character: There is no l ("6C) in font nullfont!
Missing character: There is no e ("65) in font nullfont!
Missing character: There is no g ("67) in font nullfont!
Missing character: There is no a ("61) in font nullfont!
Missing character: There is no l ("6C) in font nullfont!
Missing character: There is no / ("2F) in font nullfont!
Missing character: There is no 2 ("32) in font nullfont!
Missing character: There is no 0 ("30) in font nullfont!
Missing character: There is no 2 ("32) in font nullfont!
Missing character: There is no 6 ("36) in font nullfont!
Missing character: There is no 0 ("30) in font nullfont!
Missing character: There is no 8 ("38) in font nullfont!
Missing character: There is no 2 ("32) in font nullfont!
Missing character: There is no 0 ("30) in font nullfont!
Missing character: There is no / ("2F) in font nullfont!
Missing character: There is no [ ("5B) in font nullfont!
Missing character: There is no 2 ("32) in font nullfont!
Missing character: There is no ] ("5D) in font nullfont!
Missing character: There is no [ ("5B) in font nullfont!
Missing character: There is no D ("44) in font nullfont!
Missing character: There is no B ("42) in font nullfont!
Missing character: There is no / ("2F) in font nullfont!
Missing character: There is no O ("4F) in font nullfont!
Missing character: There is no L ("4C) in font nullfont!
Missing character: There is no ] ("5D) in font nullfont!
Missing character: There is no h ("68) in font nullfont!
Missing character: There is no t ("74) in font nullfont!
Missing character: There is no t ("74) in font nullfont!
Missing character: There is no p ("70) in font nullfont!
Missing character: There is no s ("73) in font nullfont!
Missing character: There is no : ("3A) in font nullfont!
Missing character: There is no / ("2F) in font nullfont!
Missing character: There is no / ("2F) in font nullfont!
Missing character: There is no w ("77) in font nullfont!
Missing character: There is no e ("65) in font nullfont!
Missing character: There is no n ("6E) in font nullfont!
Missing character: There is no s ("73) in font nullfont!
Missing character: There is no h ("68) in font nullfont!
Missing character: There is no u ("75) in font nullfont!
Missing character: There is no . ("2E) in font nullfont!
Missing character: There is no c ("63) in font nullfont!
Missing character: There is no o ("6F) in font nullfont!
Missing character: There is no u ("75) in font nullfont!
Missing character: There is no r ("72) in font nullfont!
Missing character: There is no t ("74) in font nullfont!
Missing character: There is no . ("2E) in font nullfont!
Missing character: There is no g ("67) in font nullfont!
Missing character: There is no o ("6F) in font nullfont!
Missing character: There is no v ("76) in font nullfont!
Missing character: There is no . ("2E) in font nullfont!
Missing character: There is no c ("63) in font nullfont!
Missing character: There is no n ("6E) in font nullfont!
Missing character: There is no [ ("5B) in font nullfont!
Missing character: There is no 3 ("33) in font nullfont!
Missing character: There is no ] ("5D) in font nullfont!
Missing character: There is no [ ("5B) in font nullfont!
Missing character: There is no R ("52) in font nullfont!
Missing character: There is no ] ("5D) in font nullfont!
Missing character: There is no 2 ("32) in font nullfont!
Missing character: There is no 0 ("30) in font nullfont!
Missing character: There is no 2 ("32) in font nullfont!
Missing character: There is no 1 ("31) in font nullfont!
Missing character: There is no - ("2D) in font nullfont!
Missing character: There is no 2 ("32) in font nullfont!
Missing character: There is no 0 ("30) in font nullfont!
Missing character: There is no 2 ("32) in font nullfont!
Missing character: There is no 3 ("33) in font nullfont!
Missing character: There is no [ ("5B) in font nullfont!
Missing character: There is no 4 ("34) in font nullfont!
Missing character: There is no ] ("5D) in font nullfont!
Missing character: There is no [ ("5B) in font nullfont!
Missing character: There is no R ("52) in font nullfont!
Missing character: There is no ] ("5D) in font nullfont!
Missing character: There is no 2 ("32) in font nullfont!
Missing character: There is no 0 ("30) in font nullfont!
Missing character: There is no 2 ("32) in font nullfont!
Missing character: There is no 3 ("33) in font nullfont!
Missing character: There is no [ ("5B) in font nullfont!
Missing character: There is no 5 ("35) in font nullfont!
Missing character: There is no ] ("5D) in font nullfont!
Missing character: There is no ( ("28) in font nullfont!
Missing character: There is no 2 ("32) in font nullfont!
Missing character: There is no 0 ("30) in font nullfont!
Missing character: There is no 2 ("32) in font nullfont!
Missing character: There is no 6 ("36) in font nullfont!
Missing character: There is no ) ("29) in font nullfont!
Missing character: There is no 0 ("30) in font nullfont!
Missing character: There is no 3 ("33) in font nullfont!
Missing character: There is no X ("58) in font nullfont!
Missing character: There is no X ("58) in font nullfont!
Missing character: There is no X ("58) in font nullfont!
Missing character: There is no [ ("5B) in font nullfont!
Missing character: There is no Z ("5A) in font nullfont!
Missing character: There is no ] ("5D) in font nullfont!
Missing character: There is no [ ("5B) in font nullfont!
Missing character: There is no 6 ("36) in font nullfont!
Missing character: There is no ] ("5D) in font nullfont!
Missing character: There is no [ ("5B) in font nullfont!
Missing character: There is no R ("52) in font nullfont!
Missing character: There is no ] ("5D) in font nullfont!
Missing character: There is no 2 ("32) in font nullfont!
Missing character: There is no 0 ("30) in font nullfont!
Missing character: There is no 2 ("32) in font nullfont!
Missing character: There is no 2 ("32) in font nullfont!
Missing character: There is no - ("2D) in font nullfont!
Missing character: There is no 2 ("32) in font nullfont!
Missing character: There is no 0 ("30) in font nullfont!
Missing character: There is no 2 ("32) in font nullfont!
Missing character: There is no 6 ("36) in font nullfont!
Missing character: There is no [ ("5B) in font nullfont!
Missing character: There is no 7 ("37) in font nullfont!
Missing character: There is no ] ("5D) in font nullfont!
Missing character: There is no 2 ("32) in font nullfont!
Missing character: There is no 0 ("30) in font nullfont!
Missing character: There is no 2 ("32) in font nullfont!
Missing character: There is no 3 ("33) in font nullfont!
Missing character: There is no [ ("5B) in font nullfont!
Missing character: There is no S ("53) in font nullfont!
Missing character: There is no ] ("5D) in font nullfont!
Missing character: There is no [ ("5B) in font nullfont!
Missing character: There is no 8 ("38) in font nullfont!
Missing character: There is no ] ("5D) in font nullfont!
Missing character: There is no 2 ("32) in font nullfont!
Missing character: There is no 0 ("30) in font nullfont!
Missing character: There is no 1 ("31) in font nullfont!
Missing character: There is no 8 ("38) in font nullfont!
Missing character: There is no [ ("5B) in font nullfont!
Missing character: There is no S ("53) in font nullfont!
Missing character: There is no ] ("5D) in font nullfont!
Missing character: There is no [ ("5B) in font nullfont!
Missing character: There is no 9 ("39) in font nullfont!
Missing character: There is no ] ("5D) in font nullfont!
Missing character: There is no 2 ("32) in font nullfont!
Missing character: There is no 0 ("30) in font nullfont!
Missing character: There is no 2 ("32) in font nullfont!
Missing character: There is no 2 ("32) in font nullfont!
Missing character: There is no 5 ("35) in font nullfont!
Missing character: There is no [ ("5B) in font nullfont!
Missing character: There is no S ("53) in font nullfont!
Missing character: There is no ] ("5D) in font nullfont!
Missing character: There is no [ ("5B) in font nullfont!
Missing character: There is no 1 ("31) in font nullfont!
Missing character: There is no 0 ("30) in font nullfont!
Missing character: There is no ] ("5D) in font nullfont!
Missing character: There is no 2 ("32) in font nullfont!
Missing character: There is no 0 ("30) in font nullfont!
Missing character: There is no 1 ("31) in font nullfont!
Missing character: There is no 7 ("37) in font nullfont!
Missing character: There is no 1 ("31) in font nullfont!
Missing character: There is no [ ("5B) in font nullfont!
Missing character: There is no S ("53) in font nullfont!
Missing character: There is no ] ("5D) in font nullfont!
Missing character: There is no [ ("5B) in font nullfont!
Missing character: There is no 1 ("31) in font nullfont!
Missing character: There is no 1 ("31) in font nullfont!
Missing character: There is no ] ("5D) in font nullfont!
Missing character: There is no 2 ("32) in font nullfont!
Missing character: There is no 0 ("30) in font nullfont!
Missing character: There is no 2 ("32) in font nullfont!
Missing character: There is no 1 ("31) in font nullfont!
Missing character: There is no 1 ("31) in font nullfont!
Missing character: There is no [ ("5B) in font nullfont!
Missing character: There is no S ("53) in font nullfont!
Missing character: There is no ] ("5D) in font nullfont!
Missing character: There is no [ ("5B) in font nullfont!
Missing character: There is no 1 ("31) in font nullfont!
Missing character: There is no 2 ("32) in font nullfont!
Missing character: There is no ] ("5D) in font nullfont!
Missing character: There is no 2 ("32) in font nullfont!
Missing character: There is no 0 ("30) in font nullfont!
Missing character: There is no 0 ("30) in font nullfont!
Missing character: There is no 5 ("35) in font nullfont!
Missing character: There is no [ ("5B) in font nullfont!
Missing character: There is no S ("53) in font nullfont!
Missing character: There is no ] ("5D) in font nullfont!
Missing character: There is no [ ("5B) in font nullfont!
Missing character: There is no 1 ("31) in font nullfont!
Missing character: There is no 3 ("33) in font nullfont!
Missing character: There is no ] ("5D) in font nullfont!
Missing character: There is no 2 ("32) in font nullfont!
Missing character: There is no 0 ("30) in font nullfont!
Missing character: There is no 2 ("32) in font nullfont!
Missing character: There is no 1 ("31) in font nullfont!
Missing character: There is no [ ("5B) in font nullfont!
Missing character: There is no S ("53) in font nullfont!
Missing character: There is no ] ("5D) in font nullfont!
Missing character: There is no [ ("5B) in font nullfont!
Missing character: There is no 1 ("31) in font nullfont!
Missing character: There is no 4 ("34) in font nullfont!
Missing character: There is no ] ("5D) in font nullfont!
Missing character: There is no 2 ("32) in font nullfont!
Missing character: There is no 0 ("30) in font nullfont!
Missing character: There is no 0 ("30) in font nullfont!
Missing character: There is no 7 ("37) in font nullfont!
Missing character: There is no [ ("5B) in font nullfont!
Missing character: There is no S ("53) in font nullfont!
Missing character: There is no ] ("5D) in font nullfont!
Missing character: There is no [ ("5B) in font nullfont!
Missing character: There is no 1 ("31) in font nullfont!
Missing character: There is no 5 ("35) in font nullfont!
Missing character: There is no ] ("5D) in font nullfont!
Missing character: There is no 2 ("32) in font nullfont!
Missing character: There is no 0 ("30) in font nullfont!
Missing character: There is no 2 ("32) in font nullfont!
Missing character: There is no 0 ("30) in font nullfont!
Missing character: There is no [ ("5B) in font nullfont!
Missing character: There is no S ("53) in font nullfont!
Missing character: There is no ] ("5D) in font nullfont!
Missing character: There is no [ ("5B) in font nullfont!
Missing character: There is no 1 ("31) in font nullfont!
Missing character: There is no 6 ("36) in font nullfont!
Missing character: There is no ] ("5D) in font nullfont!
Missing character: There is no 2 ("32) in font nullfont!
Missing character: There is no 0 ("30) in font nullfont!
Missing character: There is no 0 ("30) in font nullfont!
Missing character: There is no 5 ("35) in font nullfont!
Missing character: There is no [ ("5B) in font nullfont!
Missing character: There is no S ("53) in font nullfont!
Missing character: There is no ] ("5D) in font nullfont!
Missing character: There is no [ ("5B) in font nullfont!
Missing character: There is no 1 ("31) in font nullfont!
Missing character: There is no 7 ("37) in font nullfont!
Missing character: There is no ] ("5D) in font nullfont!
Missing character: There is no ( ("28) in font nullfont!
Missing character: There is no 2 ("32) in font nullfont!
Missing character: There is no 0 ("30) in font nullfont!
Missing character: There is no 2 ("32) in font nullfont!
Missing character: There is no 2 ("32) in font nullfont!
Missing character: There is no ) ("29) in font nullfont!
Missing character: There is no 0 ("30) in font nullfont!
Missing character: There is no 1 ("31) in font nullfont!
Missing character: There is no 7 ("37) in font nullfont!
Missing character: There is no 6 ("36) in font nullfont!
Missing character: There is no [ ("5B) in font nullfont!
Missing character: There is no Z ("5A) in font nullfont!
Missing character: There is no ] ("5D) in font nullfont!
Missing character: There is no [ ("5B) in font nullfont!
Missing character: There is no 1 ("31) in font nullfont!
Missing character: There is no 8 ("38) in font nullfont!
Missing character: There is no ] ("5D) in font nullfont!
Missing character: There is no ( ("28) in font nullfont!
Missing character: There is no 2 ("32) in font nullfont!
Missing character: There is no 0 ("30) in font nullfont!
Missing character: There is no 1 ("31) in font nullfont!
Missing character: There is no 8 ("38) in font nullfont!
Missing character: There is no ) ("29) in font nullfont!
Missing character: There is no 0 ("30) in font nullfont!
Missing character: There is no 1 ("31) in font nullfont!
Missing character: There is no 5 ("35) in font nullfont!
Missing character: There is no 0 ("30) in font nullfont!
Missing character: There is no [ ("5B) in font nullfont!
Missing character: There is no Z ("5A) in font nullfont!
Missing character: There is no ] ("5D) in font nullfont!
Missing character: There is no [ ("5B) in font nullfont!
Missing character: There is no 1 ("31) in font nullfont!
Missing character: There is no 9 ("39) in font nullfont!
Missing character: There is no ] ("5D) in font nullfont!
Missing character: There is no ( ("28) in font nullfont!
Missing character: There is no 2 ("32) in font nullfont!
Missing character: There is no 0 ("30) in font nullfont!
Missing character: There is no 1 ("31) in font nullfont!
Missing character: There is no 7 ("37) in font nullfont!
Missing character: There is no ) ("29) in font nullfont!
Missing character: There is no 0 ("30) in font nullfont!
Missing character: There is no 1 ("31) in font nullfont!
Missing character: There is no 9 ("39) in font nullfont!
Missing character: There is no 3 ("33) in font nullfont!
Missing character: There is no e ("65) in font nullfont!
Missing character: There is no [ ("5B) in font nullfont!
Missing character: There is no Z ("5A) in font nullfont!
Missing character: There is no ] ("5D) in font nullfont!
Missing character: There is no [ ("5B) in font nullfont!
Missing character: There is no 2 ("32) in font nullfont!
Missing character: There is no 0 ("30) in font nullfont!
Missing character: There is no ] ("5D) in font nullfont!
Missing character: There is no [ ("5B) in font nullfont!
Missing character: There is no Z ("5A) in font nullfont!
Missing character: There is no ] ("5D) in font nullfont!
Missing character: There is no 2 ("32) in font nullfont!
Missing character: There is no 0 ("30) in font nullfont!
Missing character: There is no 2 ("32) in font nullfont!
Missing character: There is no 1 ("31) in font nullfont!
Missing character: There is no [ ("5B) in font nullfont!
Missing character: There is no 2 ("32) in font nullfont!
Missing character: There is no 1 ("31) in font nullfont!
Missing character: There is no ] ("5D) in font nullfont!
Missing character: There is no ( ("28) in font nullfont!
Missing character: There is no 2 ("32) in font nullfont!
Missing character: There is no 0 ("30) in font nullfont!
Missing character: There is no 2 ("32) in font nullfont!
Missing character: There is no 5 ("35) in font nullfont!
Missing character: There is no ) ("29) in font nullfont!
Missing character: There is no 1 ("31) in font nullfont!
Missing character: There is no 7 ("37) in font nullfont!
Missing character: There is no [ ("5B) in font nullfont!
Missing character: There is no Z ("5A) in font nullfont!
Missing character: There is no ] ("5D) in font nullfont!
Missing character: There is no [ ("5B) in font nullfont!
Missing character: There is no 2 ("32) in font nullfont!
Missing character: There is no 2 ("32) in font nullfont!
Missing character: There is no ] ("5D) in font nullfont!
Missing character: There is no ( ("28) in font nullfont!
Missing character: There is no 2 ("32) in font nullfont!
Missing character: There is no 0 ("30) in font nullfont!
Missing character: There is no 1 ("31) in font nullfont!
Missing character: There is no 6 ("36) in font nullfont!
Missing character: There is no ) ("29) in font nullfont!
Missing character: There is no 0 ("30) in font nullfont!
Missing character: There is no 2 ("32) in font nullfont!
Missing character: There is no 1 ("31) in font nullfont!
Missing character: There is no 4 ("34) in font nullfont!
Missing character: There is no 8 ("38) in font nullfont!
Missing character: There is no [ ("5B) in font nullfont!
Missing character: There is no Z ("5A) in font nullfont!
Missing character: There is no ] ("5D) in font nullfont!
Missing character: There is no [ ("5B) in font nullfont!
Missing character: There is no 2 ("32) in font nullfont!
Missing character: There is no 3 ("33) in font nullfont!
Missing character: There is no ] ("5D) in font nullfont!
Missing character: There is no [ ("5B) in font nullfont!
Missing character: There is no Z ("5A) in font nullfont!
Missing character: There is no ] ("5D) in font nullfont!
Missing character: There is no 2 ("32) in font nullfont!
Missing character: There is no 0 ("30) in font nullfont!
Missing character: There is no 1 ("31) in font nullfont!
Missing character: There is no 9 ("39) in font nullfont!
Missing character: There is no [ ("5B) in font nullfont!
Missing character: There is no 2 ("32) in font nullfont!
Missing character: There is no 4 ("34) in font nullfont!
Missing character: There is no ] ("5D) in font nullfont!
Missing character: There is no [ ("5B) in font nullfont!
Missing character: There is no Z ("5A) in font nullfont!
Missing character: There is no ] ("5D) in font nullfont!
Missing character: There is no 2 ("32) in font nullfont!
Missing character: There is no 0 ("30) in font nullfont!
Missing character: There is no 2 ("32) in font nullfont!
Missing character: There is no 5 ("35) in font nullfont!
Missing character: There is no [ ("5B) in font nullfont!
Missing character: There is no 2 ("32) in font nullfont!
Missing character: There is no 5 ("35) in font nullfont!
Missing character: There is no ] ("5D) in font nullfont!
Missing character: There is no ( ("28) in font nullfont!
Missing character: There is no 2 ("32) in font nullfont!
Missing character: There is no 0 ("30) in font nullfont!
Missing character: There is no 0 ("30) in font nullfont!
Missing character: There is no 6 ("36) in font nullfont!
Missing character: There is no ) ("29) in font nullfont!
Missing character: There is no 2 ("32) in font nullfont!
Missing character: There is no 8 ("38) in font nullfont!
Missing character: There is no [ ("5B) in font nullfont!
Missing character: There is no Z ("5A) in font nullfont!
Missing character: There is no ] ("5D) in font nullfont!
Missing character: There is no [ ("5B) in font nullfont!
Missing character: There is no 2 ("32) in font nullfont!
Missing character: There is no 6 ("36) in font nullfont!
Missing character: There is no ] ("5D) in font nullfont!
Missing character: There is no ( ("28) in font nullfont!
Missing character: There is no 2 ("32) in font nullfont!
Missing character: There is no 0 ("30) in font nullfont!
Missing character: There is no 1 ("31) in font nullfont!
Missing character: There is no 8 ("38) in font nullfont!
Missing character: There is no ) ("29) in font nullfont!
Missing character: There is no 4 ("34) in font nullfont!
Missing character: There is no [ ("5B) in font nullfont!
Missing character: There is no Z ("5A) in font nullfont!
Missing character: There is no ] ("5D) in font nullfont!
Missing character: There is no 2 ("32) in font nullfont!
Missing character: There is no 0 ("30) in font nullfont!
Missing character: There is no 1 ("31) in font nullfont!
Missing character: There is no 9 ("39) in font nullfont!
Missing character: There is no [ ("5B) in font nullfont!
Missing character: There is no 2 ("32) in font nullfont!
Missing character: There is no 7 ("37) in font nullfont!
Missing character: There is no ] ("5D) in font nullfont!
Missing character: There is no [ ("5B) in font nullfont!
Missing character: There is no Z ("5A) in font nullfont!
Missing character: There is no ] ("5D) in font nullfont!
Missing character: There is no 2 ("32) in font nullfont!
Missing character: There is no 0 ("30) in font nullfont!
Missing character: There is no 1 ("31) in font nullfont!
Missing character: There is no 0 ("30) in font nullfont!
Missing character: There is no [ ("5B) in font nullfont!
Missing character: There is no 2 ("32) in font nullfont!
Missing character: There is no 8 ("38) in font nullfont!
Missing character: There is no ] ("5D) in font nullfont!
Missing character: There is no [ ("5B) in font nullfont!
Missing character: There is no Z ("5A) in font nullfont!
Missing character: There is no ] ("5D) in font nullfont!
Missing character: There is no 2 ("32) in font nullfont!
Missing character: There is no 0 ("30) in font nullfont!
Missing character: There is no 2 ("32) in font nullfont!
Missing character: There is no 3 ("33) in font nullfont!
Missing character: There is no [ ("5B) in font nullfont!
Missing character: There is no 2 ("32) in font nullfont!
Missing character: There is no 9 ("39) in font nullfont!
Missing character: There is no ] ("5D) in font nullfont!
Missing character: There is no [ ("5B) in font nullfont!
Missing character: There is no Z ("5A) in font nullfont!
Missing character: There is no ] ("5D) in font nullfont!
Missing character: There is no 2 ("32) in font nullfont!
Missing character: There is no 0 ("30) in font nullfont!
Missing character: There is no 2 ("32) in font nullfont!
Missing character: There is no 0 ("30) in font nullfont!
Missing character: There is no [ ("5B) in font nullfont!
Missing character: There is no 3 ("33) in font nullfont!
Missing character: There is no 0 ("30) in font nullfont!
Missing character: There is no ] ("5D) in font nullfont!
Missing character: There is no [ ("5B) in font nullfont!
Missing character: There is no Z ("5A) in font nullfont!
Missing character: There is no ] ("5D) in font nullfont!
Missing character: There is no 2 ("32) in font nullfont!
Missing character: There is no 0 ("30) in font nullfont!
Missing character: There is no 2 ("32) in font nullfont!
Missing character: There is no 2 ("32) in font nullfont!
Missing character: There is no [ ("5B) in font nullfont!
Missing character: There is no 3 ("33) in font nullfont!
Missing character: There is no 1 ("31) in font nullfont!
Missing character: There is no ] ("5D) in font nullfont!
Missing character: There is no [ ("5B) in font nullfont!
Missing character: There is no Z ("5A) in font nullfont!
Missing character: There is no ] ("5D) in font nullfont!
Missing character: There is no 2 ("32) in font nullfont!
Missing character: There is no 0 ("30) in font nullfont!
Missing character: There is no 2 ("32) in font nullfont!
Missing character: There is no 3 ("33) in font nullfont!
Missing character: There is no [ ("5B) in font nullfont!
Missing character: There is no 3 ("33) in font nullfont!
Missing character: There is no 2 ("32) in font nullfont!
Missing character: There is no ] ("5D) in font nullfont!
Missing character: There is no [ ("5B) in font nullfont!
Missing character: There is no Z ("5A) in font nullfont!
Missing character: There is no ] ("5D) in font nullfont!
Missing character: There is no 2 ("32) in font nullfont!
Missing character: There is no 0 ("30) in font nullfont!
Missing character: There is no 1 ("31) in font nullfont!
Missing character: There is no 8 ("38) in font nullfont!
Missing character: There is no [ ("5B) in font nullfont!
Missing character: There is no 3 ("33) in font nullfont!
Missing character: There is no 3 ("33) in font nullfont!
Missing character: There is no ] ("5D) in font nullfont!
Missing character: There is no [ ("5B) in font nullfont!
Missing character: There is no Z ("5A) in font nullfont!
Missing character: There is no ] ("5D) in font nullfont!
Missing character: There is no 2 ("32) in font nullfont!
Missing character: There is no 0 ("30) in font nullfont!
Missing character: There is no 2 ("32) in font nullfont!
Missing character: There is no 3 ("33) in font nullfont!
Missing character: There is no [ ("5B) in font nullfont!
Missing character: There is no 3 ("33) in font nullfont!
Missing character: There is no 4 ("34) in font nullfont!
Missing character: There is no ] ("5D) in font nullfont!
Missing character: There is no [ ("5B) in font nullfont!
Missing character: There is no Z ("5A) in font nullfont!
Missing character: There is no ] ("5D) in font nullfont!
Missing character: There is no 2 ("32) in font nullfont!
Missing character: There is no 0 ("30) in font nullfont!
Missing character: There is no 2 ("32) in font nullfont!
Missing character: There is no 1 ("31) in font nullfont!
Missing character: There is no [ ("5B) in font nullfont!
Missing character: There is no 3 ("33) in font nullfont!
Missing character: There is no 5 ("35) in font nullfont!
Missing character: There is no ] ("5D) in font nullfont!
Missing character: There is no W ("57) in font nullfont!
Missing character: There is no i ("69) in font nullfont!
Missing character: There is no r ("72) in font nullfont!
Missing character: There is no e ("65) in font nullfont!
Missing character: There is no c ("63) in font nullfont!
Missing character: There is no a ("61) in font nullfont!
Missing character: There is no r ("72) in font nullfont!
Missing character: There is no d ("64) in font nullfont!
Missing character: There is no M ("4D) in font nullfont!
Missing character: There is no a ("61) in font nullfont!
Missing character: There is no r ("72) in font nullfont!
Missing character: There is no k ("6B) in font nullfont!
Missing character: There is no u ("75) in font nullfont!
Missing character: There is no s ("73) in font nullfont!
Missing character: There is no B ("42) in font nullfont!
Missing character: There is no r ("72) in font nullfont!
Missing character: There is no a ("61) in font nullfont!
Missing character: There is no u ("75) in font nullfont!
Missing character: There is no n ("6E) in font nullfont!
Missing character: There is no [ ("5B) in font nullfont!
Missing character: There is no Z ("5A) in font nullfont!
Missing character: There is no ] ("5D) in font nullfont!
Missing character: There is no 2 ("32) in font nullfont!
Missing character: There is no 0 ("30) in font nullfont!
Missing character: There is no 2 ("32) in font nullfont!
Missing character: There is no 5 ("35) in font nullfont!
Missing character: There is no 9 ("39) in font nullfont!
Missing character: There is no 1 ("31) in font nullfont!
Missing character: There is no 2 ("32) in font nullfont!
Missing character: There is no [ ("5B) in font nullfont!
Missing character: There is no 3 ("33) in font nullfont!
Missing character: There is no 6 ("36) in font nullfont!
Missing character: There is no ] ("5D) in font nullfont!
Missing character: There is no C ("43) in font nullfont!
Missing character: There is no a ("61) in font nullfont!
Missing character: There is no l ("6C) in font nullfont!
Missing character: There is no i ("69) in font nullfont!
Missing character: There is no s ("73) in font nullfont!
Missing character: There is no t ("74) in font nullfont!
Missing character: There is no o ("6F) in font nullfont!
Missing character: There is no T ("54) in font nullfont!
Missing character: There is no a ("61) in font nullfont!
Missing character: There is no n ("6E) in font nullfont!
Missing character: There is no z ("7A) in font nullfont!
Missing character: There is no i ("69) in font nullfont!
Missing character: There is no [ ("5B) in font nullfont!
Missing character: There is no Z ("5A) in font nullfont!
Missing character: There is no ] ("5D) in font nullfont!
Missing character: There is no 2 ("32) in font nullfont!
Missing character: There is no 0 ("30) in font nullfont!
Missing character: There is no 1 ("31) in font nullfont!
Missing character: There is no 0 ("30) in font nullfont!
Missing character: There is no 2 ("32) in font nullfont!
Missing character: There is no 0 ("30) in font nullfont!
Missing character: There is no 2 ("32) in font nullfont!
Missing character: There is no 6 ("36) in font nullfont!
Missing character: There is no 8 ("38) in font nullfont!
Missing character: There is no 3 ("33) in font nullfont!
Missing character: There is no 6 ("36) in font nullfont!

Package fancyhdr Warning: \headheight is too small (12.0pt): 
(fancyhdr)                Make it at least 12.4pt, for example:
(fancyhdr)                \setlength{\headheight}{12.4pt}.
(fancyhdr)                You might also make \topmargin smaller to compensate:

(fancyhdr)                \addtolength{\topmargin}{-0.4pt}.

! Undefined control sequence.
\f@nch@ocf ...11pt}\selectfont 机密\quad 第\thepage页 
                                                  \strut 
l.776 [
       37] 美国联邦地区法院（曼哈顿）。United States v. Madoff, 10 Cr.640(BRJ)[Z]。2009年。
The control sequence at the end of the top line
of your error message was never \def'ed. If you have
misspelled it (e.g., `\hobx'), type `I' and the correct
spelling (e.g., `I\hbox'). Otherwise just continue,
and I'll forget about whatever was undefined.

[36]
Missing character: There is no [ ("5B) in font nullfont!
Missing character: There is no 3 ("33) in font nullfont!
Missing character: There is no 7 ("37) in font nullfont!
Missing character: There is no ] ("5D) in font nullfont!
Missing character: There is no U ("55) in font nullfont!
Missing character: There is no n ("6E) in font nullfont!
Missing character: There is no i ("69) in font nullfont!
Missing character: There is no t ("74) in font nullfont!
Missing character: There is no e ("65) in font nullfont!
Missing character: There is no d ("64) in font nullfont!
Missing character: There is no S ("53) in font nullfont!
Missing character: There is no t ("74) in font nullfont!
Missing character: There is no a ("61) in font nullfont!
Missing character: There is no t ("74) in font nullfont!
Missing character: There is no e ("65) in font nullfont!
Missing character: There is no s ("73) in font nullfont!
Missing character: There is no v ("76) in font nullfont!
Missing character: There is no . ("2E) in font nullfont!
Missing character: There is no M ("4D) in font nullfont!
Missing character: There is no a ("61) in font nullfont!
Missing character: There is no d ("64) in font nullfont!
Missing character: There is no o ("6F) in font nullfont!
Missing character: There is no f ("66) in font nullfont!
Missing character: There is no f ("66) in font nullfont!
Missing character: There is no , ("2C) in font nullfont!
Missing character: There is no 1 ("31) in font nullfont!
Missing character: There is no 0 ("30) in font nullfont!
Missing character: There is no C ("43) in font nullfont!
Missing character: There is no r ("72) in font nullfont!
Missing character: There is no . ("2E) in font nullfont!
Missing character: There is no 6 ("36) in font nullfont!
Missing character: There is no 4 ("34) in font nullfont!
Missing character: There is no 0 ("30) in font nullfont!
Missing character: There is no ( ("28) in font nullfont!
Missing character: There is no B ("42) in font nullfont!
Missing character: There is no R ("52) in font nullfont!
Missing character: There is no J ("4A) in font nullfont!
Missing character: There is no ) ("29) in font nullfont!
Missing character: There is no [ ("5B) in font nullfont!
Missing character: There is no Z ("5A) in font nullfont!
Missing character: There is no ] ("5D) in font nullfont!
Missing character: There is no 2 ("32) in font nullfont!
Missing character: There is no 0 ("30) in font nullfont!
Missing character: There is no 0 ("30) in font nullfont!
Missing character: There is no 9 ("39) in font nullfont!
Missing character: There is no [ ("5B) in font nullfont!
Missing character: There is no 3 ("33) in font nullfont!
Missing character: There is no 8 ("38) in font nullfont!
Missing character: There is no ] ("5D) in font nullfont!
Missing character: There is no U ("55) in font nullfont!
Missing character: There is no n ("6E) in font nullfont!
Missing character: There is no i ("69) in font nullfont!
Missing character: There is no t ("74) in font nullfont!
Missing character: There is no e ("65) in font nullfont!
Missing character: There is no d ("64) in font nullfont!
Missing character: There is no S ("53) in font nullfont!
Missing character: There is no t ("74) in font nullfont!
Missing character: There is no a ("61) in font nullfont!
Missing character: There is no t ("74) in font nullfont!
Missing character: There is no e ("65) in font nullfont!
Missing character: There is no s ("73) in font nullfont!
Missing character: There is no v ("76) in font nullfont!
Missing character: There is no . ("2E) in font nullfont!
Missing character: There is no S ("53) in font nullfont!
Missing character: There is no k ("6B) in font nullfont!
Missing character: There is no i ("69) in font nullfont!
Missing character: There is no l ("6C) in font nullfont!
Missing character: There is no l ("6C) in font nullfont!
Missing character: There is no i ("69) in font nullfont!
Missing character: There is no n ("6E) in font nullfont!
Missing character: There is no g ("67) in font nullfont!
Missing character: There is no , ("2C) in font nullfont!
Missing character: There is no H ("48) in font nullfont!
Missing character: There is no - ("2D) in font nullfont!
Missing character: There is no 0 ("30) in font nullfont!
Missing character: There is no 6 ("36) in font nullfont!
Missing character: There is no - ("2D) in font nullfont!
Missing character: There is no 0 ("30) in font nullfont!
Missing character: There is no 2 ("32) in font nullfont!
Missing character: There is no 5 ("35) in font nullfont!
Missing character: There is no 0 ("30) in font nullfont!
Missing character: There is no [ ("5B) in font nullfont!
Missing character: There is no Z ("5A) in font nullfont!
Missing character: There is no ] ("5D) in font nullfont!
Missing character: There is no 2 ("32) in font nullfont!
Missing character: There is no 0 ("30) in font nullfont!
Missing character: There is no 1 ("31) in font nullfont!
Missing character: There is no 3 ("33) in font nullfont!
Missing character: There is no [ ("5B) in font nullfont!
Missing character: There is no 3 ("33) in font nullfont!
Missing character: There is no 9 ("39) in font nullfont!
Missing character: There is no ] ("5D) in font nullfont!
Missing character: There is no ( ("28) in font nullfont!
Missing character: There is no D ("44) in font nullfont!
Missing character: There is no O ("4F) in font nullfont!
Missing character: There is no J ("4A) in font nullfont!
Missing character: There is no ) ("29) in font nullfont!
Missing character: There is no W ("57) in font nullfont!
Missing character: There is no e ("65) in font nullfont!
Missing character: There is no l ("6C) in font nullfont!
Missing character: There is no l ("6C) in font nullfont!
Missing character: There is no s ("73) in font nullfont!
Missing character: There is no F ("46) in font nullfont!
Missing character: There is no a ("61) in font nullfont!
Missing character: There is no r ("72) in font nullfont!
Missing character: There is no g ("67) in font nullfont!
Missing character: There is no o ("6F) in font nullfont!
Missing character: There is no . ("2E) in font nullfont!
Missing character: There is no A ("41) in font nullfont!
Missing character: There is no c ("63) in font nullfont!
Missing character: There is no c ("63) in font nullfont!
Missing character: There is no o ("6F) in font nullfont!
Missing character: There is no u ("75) in font nullfont!
Missing character: There is no n ("6E) in font nullfont!
Missing character: There is no t ("74) in font nullfont!
Missing character: There is no F ("46) in font nullfont!
Missing character: There is no r ("72) in font nullfont!
Missing character: There is no a ("61) in font nullfont!
Missing character: There is no u ("75) in font nullfont!
Missing character: There is no d ("64) in font nullfont!
Missing character: There is no I ("49) in font nullfont!
Missing character: There is no n ("6E) in font nullfont!
Missing character: There is no v ("76) in font nullfont!
Missing character: There is no e ("65) in font nullfont!
Missing character: There is no s ("73) in font nullfont!
Missing character: There is no t ("74) in font nullfont!
Missing character: There is no i ("69) in font nullfont!
Missing character: There is no g ("67) in font nullfont!
Missing character: There is no a ("61) in font nullfont!
Missing character: There is no t ("74) in font nullfont!
Missing character: There is no i ("69) in font nullfont!
Missing character: There is no o ("6F) in font nullfont!
Missing character: There is no n ("6E) in font nullfont!
Missing character: There is no [ ("5B) in font nullfont!
Missing character: There is no Z ("5A) in font nullfont!
Missing character: There is no ] ("5D) in font nullfont!
Missing character: There is no 2 ("32) in font nullfont!
Missing character: There is no 0 ("30) in font nullfont!
Missing character: There is no 2 ("32) in font nullfont!
Missing character: There is no 0 ("30) in font nullfont!
Missing character: There is no [ ("5B) in font nullfont!
Missing character: There is no 4 ("34) in font nullfont!
Missing character: There is no 0 ("30) in font nullfont!
Missing character: There is no ] ("5D) in font nullfont!
Missing character: There is no ( ("28) in font nullfont!
Missing character: There is no E ("45) in font nullfont!
Missing character: There is no P ("50) in font nullfont!
Missing character: There is no A ("41) in font nullfont!
Missing character: There is no ) ("29) in font nullfont!
Missing character: There is no V ("56) in font nullfont!
Missing character: There is no o ("6F) in font nullfont!
Missing character: There is no l ("6C) in font nullfont!
Missing character: There is no k ("6B) in font nullfont!
Missing character: There is no s ("73) in font nullfont!
Missing character: There is no w ("77) in font nullfont!
Missing character: There is no a ("61) in font nullfont!
Missing character: There is no g ("67) in font nullfont!
Missing character: There is no e ("65) in font nullfont!
Missing character: There is no n ("6E) in font nullfont!
Missing character: There is no [ ("5B) in font nullfont!
Missing character: There is no Z ("5A) in font nullfont!
Missing character: There is no ] ("5D) in font nullfont!
Missing character: There is no 2 ("32) in font nullfont!
Missing character: There is no 0 ("30) in font nullfont!
Missing character: There is no 1 ("31) in font nullfont!
Missing character: There is no 6 ("36) in font nullfont!
Missing character: There is no 2 ("32) in font nullfont!
Missing character: There is no 0 ("30) in font nullfont!
Missing character: There is no 2 ("32) in font nullfont!
Missing character: There is no 3 ("33) in font nullfont!
Missing character: There is no 2 ("32) in font nullfont!
Missing character: There is no 0 ("30) in font nullfont!
Missing character: There is no 1 ("31) in font nullfont!
Missing character: There is no 8 ("38) in font nullfont!
Missing character: There is no A ("41) in font nullfont!
Missing character: There is no I ("49) in font nullfont!
Missing character: There is no 2 ("32) in font nullfont!
Missing character: There is no 0 ("30) in font nullfont!
Missing character: There is no 2 ("32) in font nullfont!
Missing character: There is no 6 ("36) in font nullfont!
Missing character: There is no 8 ("38) in font nullfont!
Missing character: There is no 2 ("32) in font nullfont!
Missing character: There is no 0 ("30) in font nullfont!
Missing character: There is no A ("41) in font nullfont!
Missing character: There is no I ("49) in font nullfont!
Missing character: There is no 2 ("32) in font nullfont!
Missing character: There is no 0 ("30) in font nullfont!
Missing character: There is no 2 ("32) in font nullfont!
Missing character: There is no 6 ("36) in font nullfont!
Missing character: There is no 8 ("38) in font nullfont!
Missing character: There is no 3 ("33) in font nullfont!
Missing character: There is no 7 ("37) in font nullfont!

Package fancyhdr Warning: \headheight is too small (12.0pt): 
(fancyhdr)                Make it at least 12.4pt, for example:
(fancyhdr)                \setlength{\headheight}{12.4pt}.
(fancyhdr)                You might also make \topmargin smaller to compensate:

(fancyhdr)                \addtolength{\topmargin}{-0.4pt}.

! Undefined control sequence.
\f@nch@ocf ...11pt}\selectfont 机密\quad 第\thepage页 
                                                  \strut 
l.792 \end{document}
                    
The control sequence at the end of the top line
of your error message was never \def'ed. If you have
misspelled it (e.g., `\hobx'), type `I' and the correct
spelling (e.g., `I\hbox'). Otherwise just continue,
and I'll forget about whatever was undefined.

[37] (./hengda_full_report.aux)
 ***********
LaTeX2e <2023-11-01> patch level 1
L3 programming layer <2022/08/05>
 ***********


LaTeX Font Warning: Size substitutions with differences
(Font)              up to 0.5pt have occurred.


LaTeX Font Warning: Some font shapes were not available, defaults substituted.


LaTeX Warning: Label(s) may have changed. Rerun to get cross-references right.

 ) 
Here is how much of TeX's memory you used:
 18143 strings out of 476443
 405069 string characters out of 5793962
 1962627 words of memory out of 5000000
 39844 multiletter control sequences out of 15000+600000
 567381 words of font info for 90 fonts, out of 8000000 for 9000
 264 hyphenation exceptions out of 8191
 86i,13n,93p,1063b,464s stack positions out of 10000i,1000n,20000p,200000b,200000s

Output written on hengda_full_report.pdf (37 pages).
